name,city,province,country,governing_body,org_type,id
"100 Mile House Jr Wranglers","100 Mile House","BC","CA","NCD","association","d82e82e0-e6c7-4b61-85d6-1a143dafde6d"
"3C's Coyotes","Coronation","AB","CA","CAHL","association","fc228e45-bb10-4366-85d2-68b1200c7bed"
"495 Stars","Marlborough","MA","US","PHL","association","f62ca857-6459-44c0-83a4-13ccd12f81ca"
"95 Giants","Attleboro","MA","US","E9HL","association","862438ac-95b1-41c6-b9cc-ee494bdd9d57"
"Abbotsford Hawks","Abbotsford","BC","CA","PCAHA","association","dd91c0c0-bb88-4c4e-a3b4-cfb597d3196b"
"Abbotsford Ice","Abbotsford","BC","CA","PCAHA","association","956af79a-5efa-466a-b2e4-fee9afa4c922"
"Aberdeen Cougars","Aberdeen","SD","US","SDAHA","association","1734f3c8-6861-4a49-85b3-ce853ca7bed7"
"Aberdeen Flames","Aberdeen","SK","CA","SVMHL","association","c300a7f2-3d2d-4213-8bed-93ad23590733"
"Acadia Axemen","Wolfville","NS","CA","CMHF","association","c3ecb0b0-848f-4791-bab3-4ab34538ba40"
"Acton Vale Valois","Acton Vale","QC","CA","Estrie","association","15aef14e-edbd-46bc-9e57-9acc4cfcda01"
"Acton-Boxboro Colonials","Acton","MA","US","MYCGL","association","d1d53edb-aea9-46ef-93ba-3e8d2d4135fc"
"ADHL Bucks","Mesa","AZ","US","AZYHL","association","7e778965-351e-4fb9-8e6c-690967f36e2e"
"Adirondack 46ers","Malone","NY","US","NGHL","association","b8c32a34-dc67-4505-904f-97fe54758833"
"Adirondack Thunder","Glens Falls","NY","US","MVHL","association","054570d9-8bb7-41ed-9451-9d81f806fb98"
"Adrian Jr Bulldogs","Adrian","MI","US","LCAHL","association","f3d6e7b6-c88c-4849-b1f2-2957b0c07acb"
"Affton Americans","Affton","MO","US","CSDHL","association","bbc9eb96-4cd8-4999-832f-72e542d7e81d"
"Agawam Chiefs","Wenham","MA","US","VHL","association","1b2912da-38fe-4aaf-9005-c3c01a943f80"
"Ahuntsic Braves","Montreal","QC","CA","MON","association","83b91f0f-96ce-457c-b203-b1f93f8fd2ea"
"Airdrie Lightning","Airdrie","AB","CA","AEHL","association","5ce3d0b8-9bb7-48c6-a0db-86b7c1bce1ce"
"Ajax Pickering Raiders","Ajax","ON","CA","LHL","association","0be5ae48-00bd-402d-9506-447453583a7e"
"Akwesasne Wolves","Akwesasne","ON","CA","UCMHL","association","214d5cfc-5118-47d0-9f23-b7253c6eec5a"
"Alaska All Stars","Anchorage","AK","US","ASHA","association","22fd76cc-3035-41e5-a17a-ef42e7f9ebff"
"Alaska Avalanche","Wasilla","AK","US","ASHA","association","d671d71b-86c9-42be-b9ac-86a469438365"
"Alaska Blue Devils","Eagle River","AK","US","ASHA","association","95c0a663-a4ae-4329-bd81-3a876821bb36"
"Alaska Grizzlies","Fairbanks","AK","US","ASHA","association","1f2c6bb5-4add-4640-bca0-42d5dc7519f4"
"Alaska Oilers","Anchorage","AK","US","ASHA","association","68bfb6e9-68e8-4a04-a284-5c4702ccca11"
"Alaska Salmon Sharks","Eagle River","AK","US","ASHA","association","44b19a2e-5cb2-416e-9247-3b097b7c1d10"
"Alaska Wolves","Anchorage","AK","US","ASHA","association","4fce1726-89a8-461a-ad67-93fa42c433a9"
"Alberni Valley Jr Bulldogs","Port Alberni","BC","CA","VIHL","association","9190bdb9-6e1d-44fc-b5f7-9eac8902865d"
"Albert Lea Tigers","Albert Lea","MN","US","MN09","association","8730b02c-76c5-45a3-9f05-13d8d12ada7f"
"Alberton Regals","Alberton","PE","CA","HPEI","association","ee2d07a2-3ce7-4b5b-9bff-bb0964e5c5ed"
"Aldergrove Bruins","Aldergrove","BC","CA","PCAHA","association","7b8729b5-1912-48a4-9336-b0dbeca24aa1"
"Alexander Galt HS","Sherbrooke","QC","CA","RSEQ","association","8e226b72-7b18-4594-b4c4-ce32ac308b1b"
"Alexandria Cardinals","Alexandria","MN","US","MN15","association","9b486c64-21ed-4f57-9741-38a64abe3a9a"
"Alexandria Glens","Alexandria","ON","CA","UCMHL","association","f90bdaa4-2bd4-40e0-b755-dd8ec2fd996c"
"Aliso Viejo Avalanche","Aliso Viejo","CA","US","CAHA","association","b5a55da2-84a5-4063-9675-8bb416a26207"
"Allegheny Badgers","Delmont","PA","US","PAHL","association","b860e4d9-1a1f-4b50-b446-810a91dcf3ad"
"Allen Park Huskies","Allen Park","MI","US","LCAHL","association","16ad0d27-ccff-4861-bac0-a17ec0ae4d9f"
"Allston Brighton Warriors","Brighton","MA","US","MYCGL","association","658eb031-352c-4221-8908-c876596271d3"
"Alma Aiglons","Alma","QC","CA","SLJ","association","06e43af3-966c-4d2a-8137-6c83baf1ec7a"
"Almaguin Gazelles","Sundridge","ON","CA","OWHA","association","a8dd4d86-99e8-40a7-9a55-093eb11865d3"
"Almaguin Ice Devils","Sundridge","ON","CA","MOMHL","association","25e7e986-7227-496e-8ca9-7d80e0427184"
"Almonte Pakenham Thunder","Almonte","ON","CA","LCMHL","association","f91bb5f9-7747-4d60-8c7f-2cdf96642d46"
"Alpena Panthers","Alpena","MI","US","Adray","association","0a01d995-7252-432c-a9ec-3ef0d92e736a"
"Altona Maroons","Altona","MB","CA","PVMHA","association","fd3ba231-617d-42a1-ac78-55ff79c0bfbf"
"Altoona Railroaders","Altoona","WI","US","WAHA","association","07c8203a-e431-4842-ae5c-3ec9d989d921"
"Altoona Trackers","Altoona","PA","US","PAHL","association","0432ad41-d965-47b5-9fd6-4a24c8cc00db"
"Amarillo Wranglers","Amarillo","TX","US","THL","association","728cf020-8b9a-4d27-bd54-3bff00e40a14"
"American Hockey Academy","Canton","MA","US","EHF","academy","daa46996-bb29-4976-8bf2-9d99681bbc7d"
"Amery Warriors","Amery","WI","US","WAHA","association","dd5219aa-9620-443a-8681-06c08ec916b7"
"Ames Flyers","Ames","IA","US","MwHL","association","d9d79070-2c12-4444-b7e3-e21ccc0f23f8"
"Amherst Knights","Amherst","NY","US","GLGHL","association","78700ff4-5be6-49d6-bb9f-a8c9550b39a8"
"Amherst Rangers","Amherst","MA","US","GSL","association","c4276402-6436-4881-91c0-9b3cffc3697f"
"Amos Forestiers","Amos","QC","CA","Abitibi","association","9fb4e497-a746-43bb-a1ed-6bf5343163d5"
"Anaheim Jr Ducks","Anaheim","CA","US","CAHA","association","689d5d98-6bc2-4faa-b851-5d30aa8dcdb2"
"Anaheim Lady Ducks","Anaheim","CA","US","CAHA","association","8977df01-e29f-4fec-8426-9853d76aca1b"
"Ancaster Avalanche","Ancaster","ON","CA","OWHA","association","f1779289-8180-413e-8a36-5fa7fedf6ded"
"Anchorage North Stars","Anchorage","AK","US","ASHA","association","ce0bc223-251c-48ef-9673-b11db1d8a750"
"Andover Golden Warriors","Andover","MA","US","MYCGL","association","0ef66405-73c4-4341-8a54-caab673dcd26"
"Andover Huskies","Andover","MN","US","MN10","association","71236a4e-547c-48cb-89ae-b088d94d2526"
"Anjou Express","Montreal","QC","CA","MON","association","cd599a64-66b8-4716-913c-222bcc87ab6e"
"Anoka Tornadoes","Anoka","MN","US","MN10","association","f735da38-7cc2-47e2-9943-170cbaa7af2b"
"Anoka/CP/CR Swarm","Anoka","MN","US","MN10","association","90c30a4d-0a89-42e3-89bc-1d9a63c9d7f7"
"Antigo Red Robins","Antigo","WI","US","WAHA","association","d21eedc3-c087-4ccc-8ed9-170e8b8d0297"
"Antigonish Bulldogs","Antigonish","NS","CA","NCHL","association","0b34f7f6-d9ef-41ad-ba31-333f66eb67db"
"Apple Valley Burnsville Eagles","Apple Valley","MN","US","MN08","association","b059aab3-9b7c-4b26-b21a-a4746a0fc50a"
"Appleton Avalanche","Appleton","WI","US","WAHA","association","91af193b-9ca2-4dba-be15-ec368c2df561"
"Applewood Coyotes","Mississauga","ON","CA","MHL","association","dc8d35c4-2a99-43dd-be56-2399d9f10316"
"Arapahoe Warriors","Centennial","CO","US","CAHA-CO","association","62af6dff-4c7b-41c6-a875-da4c312eec38"
"Arborg Falcons","Arborg","MB","CA","IMH","association","5c2d91a9-b887-403f-9cc6-35e2c9e5b45d"
"Arbutus Club Avalanche","Vancouver","BC","CA","PCAHA","association","c862824f-f837-450e-93f1-859cd2827c06"
"Arcola Combines","Arcola","SK","CA","MMMHL","association","07dc5d6b-e0f2-4596-8d27-d02528ae087c"
"Arizona Bobcats","Chandler","AZ","US","AZYHL","association","24a139dd-ec01-46ab-86de-aed101432f24"
"Arizona Hockey Union","Gilbert","AZ","US","AZYHL","association","6b18bca3-2e4d-4293-8d7e-67f9d86a411b"
"Arizona Jr Sun Devils","Tempe","AZ","US","AZYHL","association","d633629c-d14b-41e5-ab28-933e4c3d553c"
"Arizona Kachinas","Phoenix","AZ","US","AZYHL","association","8e75acdd-18df-43b0-af0f-386b729a52d5"
"Arizona Titans","Phoenix","AZ","US","AZYHL","association","42a5bc10-9f68-42ea-a0fd-4b4cdbb1ad65"
"Arlington Spy Ponders","Arlington","MA","US","MYCGL","association","268b9bfb-3d15-41ea-9121-4183fd9d8d00"
"Armand Saint Onge Ecole","Amqui","QC","CA","RSEQ","association","7d408ef7-d62d-4bfd-87b7-caeee40f33be"
"Armstrong Arrows","Kittanning","PA","US","PAHL","association","4b48fe65-9d09-4b48-954b-1959eec76c6f"
"Armstrong Cooper Wings","New Hope","MN","US","MN03","association","297be95c-20ab-4399-96cf-2e82c32037ab"
"Arnprior Packers","Arnprior","ON","CA","UOVMHL","association","50c8c419-17f1-4a0c-88eb-8a045a1f24db"
"Arran-Elderslie Ice Dogs","Paisley","ON","CA","OMHA","association","b59a36c2-c853-4aa3-adb9-426812bbafbf"
"Arrowhead Hawks","Hartland","WI","US","WAHA","association","50c610c1-c1ee-4fef-b8a3-c9ade9e9d706"
"Arthur Vipers","Arthur","ON","CA","OMHA","association","c9a6a5be-f03b-4d6a-8b14-ff442ee3fd3a"
"Arvada","Arvada","CO","US","CAHA-CO","association","52623d96-ae46-4ce0-9fad-bf3823bc58f6"
"Arvida Polyvalente","Jonquiere","QC","CA","RSEQ","association","7a87e229-cde0-44b8-af36-0cdef18adbc8"
"Asbestos Hawks","Asbestos","QC","CA","Estrie","association","5b634162-cde0-4a65-926b-923ed4bbec67"
"Ashburn Edge","Ashburn","VA","US","CBHL","association","10d9af84-8202-46a3-b86d-2378e62fe712"
"Ashburn Xtreme","Ashburn","VA","US","AHF","association","e8a6d8a0-2830-47a3-b73c-299f9222c71e"
"Ashern","Ashern","MB","CA","IMH","association","46843af2-0151-4303-b68a-4bbbbe9a8c39"
"Ashland Demons","Ashland","MA","US","VHL","association","f7199a14-daa0-4a71-9b48-486cf9ef1b29"
"Ashland Oredockers","Ashland","WI","US","WAHA","association","47d1f7d8-6145-46db-975a-030a6b5c6bd5"
"Aspen Leafs","Aspen","CO","US","CGHL-CO","association","65e9bdbe-1a3c-459f-942f-6e96afddad01"
"Assabet Valley","Concord","MA","US","NEGHL","association","cf91e103-0c3e-4e1f-91b2-44df0c060ad1"
"Assabet Valley Patriots","Concord","MA","US","E9HL","association","3ab6a85d-3ccf-4ffa-898d-813c9a84bd16"
"Assiniboia Rebels","Assiniboia","SK","CA","SSHL","association","408311e4-5450-4067-89fb-131e0b47f032"
"Assiniboine Park Winterhawks","Winnipeg","MB","CA","WMHA","association","1d814e31-d426-4b79-baf5-4d417ce3ce41"
"Atanukan","Sept-Iles","QC","CA","BSL","association","85338e23-6e18-4a82-b2c7-50c6f6a3ffc5"
"Athabasca Hawks","Athabasca","AB","CA","NEAHL","association","9e47d9e4-1ab0-4658-a53b-58c4566156d9"
"Athens Bobcats","Athens","OH","US","BTHL","association","a66d3e01-b8cc-49e2-89a0-8b2515838bd8"
"Athens Ice Sirens","Athens","GA","US","SGHL","association","af48d3c5-3f30-47f5-bc32-772a3842ea7a"
"Atikokan Voyageurs","Atikokan","ON","CA","HNO","association","8feb7b49-4a16-4879-81a3-9ddd4dbda75c"
"Atlanta Center Ice","Sandy Springs","GA","US","SYTHL","association","bcadbc25-d862-47dd-9646-9e961110b1ef"
"Atlanta Ice Bandits","Cumming","GA","US","SYTHL","association","1560394f-196c-4dad-a4d8-7fdd92acb852"
"Atlanta Ice Lynx","Alpharetta","GA","US","SGHL","association","0249ab54-a84f-4f3a-af35-628e9e70fd8b"
"Atlanta Madhatters","Marietta","GA","US","SESCL","association","c2f331ec-aeb9-4cd6-9caa-5d117bd77ae2"
"Atlanta Phoenix","Duluth","GA","US","SESCL","association","d45c1881-99ba-49d4-9d5b-8bb5c9f1ba5b"
"Atlantic City Sharks","Atlantic City","NJ","US","EJEPL","association","f1b40f68-6aa4-42da-bc52-91acaafe604d"
"Atlantic Coast Academy","Pittsfield","MA","US","BEAST","academy","ba102d2a-ceb6-4a70-b353-76c33faf682b"
"Auburn Ice Hawks","Auburn","NY","US","Snowbelt","association","087c701a-494d-4a46-8d3b-681deccbdab6"
"Aurora Tigers","Aurora","ON","CA","OMHA","association","62b1b705-d9a4-4058-9520-5c90d53a01de"
"Ausable Valley Coyotes","Parkhill","ON","CA","OMHA","association","d87cce13-b897-4189-b12c-e273dd4cb8cc"
"Austin Mallards","Austin","TX","US","Independent","association","34d6c7fe-4156-49f7-a710-0ada619ed7cf"
"Austin Packers","Austin","MN","US","MN09","association","523f447e-680d-446f-b85b-ed222d1c0fcb"
"Avalon Celtics","St John's","NL","CA","DJHL","association","35ff73f1-b266-4b7b-9150-b82bd8a47e39"
"Avenue Road Ducks","North York","ON","CA","GTHL","association","93f4865e-a0a8-43de-8be4-098c2fa7fb85"
"Avon Panthers","Avon","CT","US","CHC","association","7b9a418b-7991-4ca6-80df-cf93f0ad22a0"
"Avonlea Thunder","Avonlea","SK","CA","SEMHL","association","59dc3cc0-23c9-41be-be76-bf4b8ab35f5c"
"AY NorthStars","Westborough","MA","US","EHF","association","6d2d5289-997d-4b4d-9cd9-c298fc42daa3"
"Aylmer Flames","Aylmer","ON","CA","OMHA","association","a762fc1e-6a42-43c9-98f3-cb106af6f64c"
"Aylmer Voiliers","Aylmer","QC","CA","LHRO","association","bf00c481-78ad-4d9e-a08d-5eddcdd4cd16"
"Ayr Flames","Ayr","ON","CA","OMHA","association","c4b05061-6985-49ff-a159-bb1de499ba2c"
"Ayr Rockets","Ayr","ON","CA","OWHA","association","66e3d864-59de-4be2-a27a-5be28d34dfb6"
"Back Bay Indians","Wolfeboro","NH","US","NHAHA","association","64cb6bdf-7819-4596-9c44-d43be12f1703"
"Bagley Flyers","Bagley","MN","US","MN16","association","126b8b71-fd65-456a-86cf-b69334f88ab1"
"Baie Comeau Nord-Cotiers","Baie-Comeau","QC","CA","BSL","association","57809b2b-799d-4121-a24c-1ab4d805293a"
"Baie des Chaleurs Gladiateurs","New Richmond","QC","CA","BSL","association","ae654f78-23a5-4191-84e6-1036ae7e0fd0"
"Baie Verte Sabres","Baie Verte","NL","CA","Independent","association","b7b1bbea-f171-4cd3-9e9f-a03e2cd1a2b9"
"Bakersfield Jr Condors","Bakersfield","CA","US","CAHA","association","5a004c19-fe4a-4e38-81ab-fe49411b3067"
"Balcarres Broncs","Balcarres","SK","CA","Mainline","association","e3a5aa07-b94f-4c19-b200-7911b77b85b2"
"Baldwin Blackhawks","Baldwin","WI","US","MN02","association","9d64bfcf-efec-4511-87a2-8191072f32e1"
"Baltimore Ice Dogs","Baltimore","ON","CA","EOMHL","association","ccaa860b-8d90-4287-9603-eedd3b6a902e"
"Baltimore Stars","Baltimore","MD","US","CBHL","association","ac258c0c-9703-432f-8469-3ed948c6246d"
"Bancroft Jets","Bancroft","ON","CA","EOMHL","association","365c196e-1977-447f-979f-92f1840f1c80"
"Bancroft Jets","Bancroft","ON","CA","OWHA","association","116eb5f3-b0b6-472d-aa1c-2fb5729341dc"
"Banff Bears","Banff","AB","CA","CAHL","association","32d1e450-d1ee-405a-b794-de3fc304396b"
"Baraboo Thunderbirds","Baraboo","WI","US","WAHA","association","a60bb939-747a-4950-9424-97c1ceb01670"
"Barnstable Red Raiders","Hyannis","MA","US","PHL","association","4baa8602-24aa-48bc-968b-0d92a511bd12"
"Barrhead Bruins","Barrhead","AB","CA","NEAHL","association","0c881184-e2a0-4485-a282-ab1bbbcbc6b2"
"Barrie Colts","Barrie","ON","CA","OMHA","association","275642b7-10df-4e9f-8609-48acc0b40fc8"
"Barrie Colts AAA","Barrie","ON","CA","OMHA","association","1d803123-9217-404a-ab51-2d5000d9c649"
"Barrie Sharks","Barrie","ON","CA","OWHA","association","fe36ce07-e2c1-4b0d-88d9-c4e6b0828bd7"
"Barron/Chetek Grizzlies","Barron","WI","US","WAHA","association","8f57f5d0-d5ee-4b13-b252-cf009159bc4e"
"Bashaw Stars","Bashaw","AB","CA","CAHL","association","ddcfb932-38be-44ef-bad4-61d20f173db3"
"Bassano Outlaws","Bassano","AB","CA","CAHL","association","73a1259f-0691-4c5c-a03a-e7b48b7d62bb"
"Basses Laurentides Conquerants","Terrebonne","QC","CA","LHEQ","association","e672fd28-60c5-4723-8e73-0ef994a16fba"
"Batavia Ramparts","Batavia","NY","US","EAHC","association","21a019f5-e7ec-4228-9fcd-698f8941705b"
"Bathurst Panthers","Bathurst","NB","CA","NSMHL-LHMC","association","afd521d4-d919-48ba-b77e-ae5635d8e8ba"
"Battle Creek Bruins","Battle Creek","MI","US","Adray","association","789532d5-f841-4791-b651-30007e8671d6"
"Battle River Knights","Sedgewick","AB","CA","CAHL","association","c6e3f70b-d671-433a-9e83-33e90b8a1e21"
"Battlefords Barons","North Battleford","SK","CA","SAAHL","association","f2a55c89-4b1f-4c6b-a5c9-c164072cdf19"
"Bay Arena Rovers","Bay Roberts","NL","CA","Independent","association","2b97a959-c465-442d-b233-2cfcf69381a8"
"Bay County Blizzard","Bay City","MI","US","LCAHL","association","1f88fcc7-74ed-437f-86f0-dccdaac85ef1"
"Bay Harbor Red Wings","Harbor City","CA","US","CAHA","association","1e1c7a24-c774-4088-91a1-0f275067a203"
"Bay State Breakers","Marshfield","MA","US","EHF","association","a194e6fa-b0ca-4b97-b7fd-204f0dadb59e"
"Beardys Blackhawks","Duck Lake","SK","CA","SVMHL","association","a9df1a15-f50c-4872-a7cc-0a533cc1e36b"
"Beauce Appalaches Canam","Saint Georges","QC","CA","LHEQ","association","cfcc4181-7191-4837-bafb-e1a3a2ae80bb"
"Beauce Appalaches Vikings","Beauceville","QC","CA","LHQCA","association","55c24e1e-2adb-487e-a7e3-612359154831"
"Beauce-Nord Rapides","Sainte-Marie de Beauce","QC","CA","LHQCA","association","45e70966-024b-4625-85d9-ef47571cf225"
"Beauharnois Ecole","Beauharnois","QC","CA","RSEQ","association","df9cbec5-930b-4dc2-9156-0369135dc52a"
"Beauharnois Patriots","Beauharnois","QC","CA","LHGM","association","89efaf8b-e66c-4f77-94c0-26446143d155"
"Beaumont Braves","Beaumont","AB","CA","EFHL","association","89ab0d33-1a0f-432a-b307-c692964d60fd"
"Beauport Harfangs","Beauport","QC","CA","QBC","association","f0b2befe-3db7-407e-94af-beaff5cd9d98"
"Beausejour-Brokenhead Blades","Beausejour","MB","CA","Eastman","association","7797d26c-8191-4b4a-a0a6-815e43996da2"
"Beaver County Badgers","Beaver","PA","US","PAHL","association","41fce503-f8a7-482e-abe2-4b39a8d48f8a"
"Beaver Dam","Beaver Dam","WI","US","WAHA","association","c249f51a-1e8a-4410-a7cf-5c8e755464a6"
"Beaver Dam WSC","Locust Valley","NY","US","Independent","association","4a4d5475-65de-4496-ac51-050cab865d1f"
"Beaverlodge Blades","Beaverlodge","AB","CA","APHL","association","9e07ce44-bca2-44e9-a272-0b4ae392a9a9"
"Becancour Riverains","Becancour","QC","CA","LHQCA","association","3c87c22b-9633-45be-a7ac-1a20279f2415"
"Becker Big Lake Eagles","Becker","MN","US","MN10","association","79c80bea-dff9-4fca-8a4e-683835e7bc16"
"Bedford Bears","Katonah","NY","US","HVHL","association","216623db-7ee9-4356-a1b2-9c72d92ba599"
"Bedford Blues","Bedford","NS","CA","CMHF","association","14f9efb8-ee4d-479a-8b16-09d2680cc8ff"
"Bedford Bulls","Bedford","QC","CA","Estrie","association","e1a5f3e7-5155-4065-9b6e-44bc87158b9c"
"Beeton Stingers","Beeton","ON","CA","OMHA","association","94909a50-1f53-4f52-8664-437862b52e65"
"Beiseker Blazers","Beiseker","AB","CA","CAHL","association","d90fd972-0577-4105-8dc2-bb645f015730"
"Bell Island Miners","Bell Island","NL","CA","DJHL","association","e02d0caa-8fe4-476a-b91c-eb3adb69b853"
"Belle River Jr Canadiens","Belle River","ON","CA","Bluewater","association","7e2b1f0a-2ebe-4964-9556-c6f8c9a4d0ed"
"Belle Tire","Taylor","MI","US","LCAHL","association","44356f14-6db9-461f-9fac-e5e73521546d"
"Bellechasse Senateurs","St-Anselme","QC","CA","LCRSE","association","ded3c673-75f9-4e66-b691-9cd3f0f06156"
"Belleville Bearcats","Belleville","ON","CA","OWHA","association","1a972a65-65d8-4764-bd34-f12abc463e05"
"Belleville Jr Bulls","Belleville","ON","CA","LHL","association","430c40ad-dc91-44f1-abaa-eed443bd37ba"
"Bellingham Jr Blazers","Bellingham","WA","US","PCAHA","association","3fecd61c-7799-4624-b9ad-c6e1d227d7c7"
"Belmont Blazers","Belmont","ON","CA","OWHA","association","057ce4a9-2fa2-4cdb-98cf-bc227411f55e"
"Belmont Marauders","Belmont","MA","US","MYCGL","association","0d0ef0e3-3dab-4adb-abe9-121e29316537"
"Belmont Rangers","Belmont","ON","CA","OMHA","association","4c16b8e8-a239-431f-9d3a-ef55f99258d8"
"Beloeil Tigers","Beloeil","QC","CA","LHER","association","0e2339aa-92a3-47ef-a763-4a93c14794e6"
"Beloit Jr Knights","Beloit","WI","US","WAHA","association","094e2b7f-40db-4d1d-97ca-fa214e3a8d5b"
"Bemidji Lumberjacks","Bemidji","MN","US","MN16","association","a49e848b-a3ab-4a06-906c-1e8afa7fa164"
"Bend Rapids","Bend","OR","US","Independent","association","ab8da21b-d854-48e9-8a6c-c13c52f3375e"
"Bentley Canucks","Bentley","AB","CA","CAHL","association","66a1d989-3bd0-4a26-9ec3-7f11d3aaf427"
"Berkshire Bruins","Pittsfield","MA","US","NNYSHL","association","278e55d8-112a-4143-a5a5-b65d04e28908"
"Berkshire Rattlers","Sheffield","MA","US","NNYSHL","association","c462eba2-3b13-4531-bb26-bc157231c5b1"
"Berlin Maroons","Berlin","NH","US","NHAHA","association","58049e12-9fe6-4932-b330-d3ad5d2be98a"
"Berthier Eagles","Berthierville","QC","CA","LH3L","association","6a15f49a-ee77-4883-adbb-47dec5733892"
"Bethlehem Eagles","Delmar","NY","US","NNYSHL","association","ad7a6948-ec8e-434d-8370-0833132a130b"
"Beverly Panthers","Beverly","MA","US","VHL","association","f3b92cbb-cc77-453f-8a8c-25b371540d06"
"Biddeford Nor'easters","Biddeford","ME","US","MEAHA","association","51c64e86-7527-41f0-b047-08b049df50ca"
"Bienfait Miners","Bienfait","SK","CA","MMMHL","association","c358d13d-3982-48d6-ad7c-953cd1906589"
"Big Boy Hockey","Fraser","MI","US","Adray","association","73385a21-a0a6-4c80-a96d-4b9eb7218a4f"
"Big Rapids Ice Dogs","Big Rapids","MI","US","Adray","association","aeaba057-cf48-4721-84b9-177709080647"
"Big River Blackhawks","Big River","SK","CA","STEP","association","f6885798-5e8b-4617-9c89-19fb1517b11d"
"Biggar Nationals","Biggar","SK","CA","HW14","association","64394bac-2378-4d22-97bb-dd17e9b4a503"
"Biggby Coffee","Ann Arbor","MI","US","LCAHL","association","de727f34-f1e1-4f59-806d-e0061cef66d6"
"Billerica Indians","Billerica","MA","US","VHL","association","c15a69b9-474b-4f15-a595-71dc0eb778ab"
"Billings Jr Bulls","Billings","MT","US","TSL","association","11449768-35f8-43e9-9083-4f202c232be7"
"Binghamton Blizzard","Binghamton","NY","US","Indep-G","association","4782d881-a8c3-45b4-b22b-7e644de05bf0"
"Binghamton Freeze","Binghamton","NY","US","CNY","association","09a83031-eb5b-4c6b-bdb4-6e4da6fe19ae"
"BioSteel Sports Academy","Windsor","ON","CA","Independent","academy","3ebda346-7e53-49a7-a2be-adf342fd7146"
"BioSteel Sports Academy","Windsor","ON","CA","Indep","academy","dfc46148-5a79-4802-bfdb-16d2bf85941f"
"Birch Hills Blackhawks","Birch Hills","SK","CA","NEMHL","association","65528da9-91b6-4189-baa3-d2de26d1c458"
"Birmingham Bulls","Pelham","AL","US","SYTHL","association","4c671e01-3665-47f9-bfd0-b3f23e9aa4d0"
"Birmingham Rangers","Birmingham","MI","US","Adray","association","f04eff54-9017-4322-9530-9ed3284c8266"
"Birtle Bruins","Birtle","MB","CA","Parkissimo","association","e5d079a9-ea46-489b-95a5-f99038ac7e77"
"Bishop Kearney Selects","Rochester","NY","US","NEPack","association","20e630c5-02d0-4af6-8328-a82fb4124cd9"
"Bishop's Falls Express","Bishop's Falls","NL","CA","Independent","association","f7ea30dc-90e0-4d3f-88d6-f7e929c6fede"
"Bismarck Capitals","Bismarck","ND","US","NDAHA","association","27b0a396-dd38-446f-811a-b9cc4a37e25c"
"Black River Falls Tigers","Black River Falls","WI","US","WAHA","association","b94065e4-89c6-42bb-9f81-5348fd9b1844"
"Blackburn Stingers","Blackburn","ON","CA","GHA","association","0c790cc5-dd11-4e86-b5cf-67aba8dc71ae"
"Blackfalds Bulldogs","Blackfalds","AB","CA","CAHL","association","422020c8-b2c9-4348-8d43-2251a3a76008"
"Blaine Bengals","Blaine","MN","US","MN10","association","f952ebea-d80e-41f5-b077-cdda0b0984ac"
"Blainville Jr Armada","Blainville","QC","CA","LH3L","association","d35312f5-8dd2-4932-9106-01f5760be433"
"Blind River Thunder","Blind River","ON","CA","NDMHL","association","4393bbf6-c20c-472b-bedf-8d52f5e01584"
"Blindman Valley Broncos","Rimbey","AB","CA","CAHL","association","226272e8-0dd1-4f46-aed4-f15d1aabd5eb"
"Bloomington Blades","Bloomington","IN","US","BTHL","association","5f675b65-cc93-45e9-a99b-070dc9a22071"
"Bloomington Jefferson Jaguars","Bloomington","MN","US","MN06","association","9de2c2b3-d52b-4db4-9031-1afe04010356"
"Bloomington Thunder","Bloomington","IL","US","CSDHL","association","b5f2bac6-8d70-4bc3-a76b-d5a73d624b57"
"Bluewater Hawks","Strathroy","ON","CA","OWHA","association","95826329-19bc-4345-8ccc-dc6295e2994a"
"Blyth-Brussels Crusaders","Blyth","ON","CA","OMHA","association","17cd291d-a795-4a7e-b861-520d58fd79b3"
"Boch Blazers","Dedham","MA","US","EHF","association","0a38d7ae-0ffc-41d9-b4b5-3b8b14aa85da"
"Boisbriand Centurions","Boisbriand","QC","CA","LH3L","association","519f659e-3950-4696-80c9-032fcf6e3f2e"
"Boisbriand College","Boisbriand","QC","CA","RSEQ","academy","1e525b02-34df-45da-ab4f-4a9bc1783ac4"
"Boise Ice Pilots","Boise","ID","US","Independent","association","3a394818-be37-4934-af24-7dbd5a146ef5"
"Boise Wings","Boise","ID","US","Independent","association","a597c487-00f8-4d71-9813-16384ec4833c"
"Boissevain Border Kings","Boissevain","MB","CA","SWRHL","association","a2b566bb-772b-455c-b0ef-cea4c885b995"
"Boji Mammoths","Spirit Lake","IA","US","MN04","association","0d149b8b-6abb-4f0c-8ce6-64406c574762"
"Bonavista Cabots","Bonavista","NL","CA","Independent","association","7c2c5c7f-6b9e-4db8-8379-0ef0c180516f"
"Bonnyville Pontiacs","Bonnyville","AB","CA","NEAHL","association","33c2dc35-cec0-4060-b456-70719badcdef"
"Border Jets","Stanstead","QC","CA","Estrie","association","849c2f94-76f9-4b03-87e3-9269a979d36a"
"Boston Advantage","Hingham","MA","US","E9HL","association","4c7090ad-83c1-4574-96dd-848156eb23f6"
"Boston Americans","Saugus","MA","US","E9HL","association","eb57cc1c-643e-4bb5-a108-f9ddb19cdf32"
"Boston Belles","Walpole","MA","US","MYCGL","association","e1c03cda-3992-49e9-bd85-48948478180d"
"Boston Bulldogs","Quincy","MA","US","EHF","association","eae859f2-2ac9-43ea-b7fb-0e4fdfe6fc18"
"Boston Hockey Academy","Cambridge","MA","US","BEAST","academy","bfee80c2-0a02-4ccd-a6a0-da86fa1772fb"
"Boston Hockey Group","Tyngsboro","MA","US","Independent","association","501a5a9c-1b2b-42fd-9030-4f44285639a4"
"Boston Ice Dogs","North Andover","MA","US","VHL","association","10bda7aa-c980-4d8e-af53-e329d346ff0d"
"Boston Imperials","Cambridge","MA","US","UT1HL","association","2749cbc5-43fe-489b-8061-055799290dbb"
"Boston Jr Eagles","Brighton","MA","US","EHF","association","3be96156-ecca-40ed-92ee-e24c212050da"
"Boston Jr Huskies","Canton","MA","US","EHF","association","aabeb85f-39a0-47f6-84dc-3a5737de97d9"
"Boston Jr Penguins","Arlington","MA","US","Independent","association","27d426fb-d024-4bf6-8554-318a60230b8a"
"Boston Jr Terriers","Canton","MA","US","EHF","association","1c74b595-8879-4594-a423-14f416480058"
"Boston Junior Bruins (THF)","Marlborough","MA","US","THF","association","3e6ddeb8-5f60-49a9-bb41-82f94cc262de"
"Boston Junior Rangers","Tewksbury","MA","US","E9HL","association","a401a585-afda-4bfe-bbab-7ccc943caa1a"
"Bottineau Braves","Bottineau","ND","US","NDAHA","association","b1e704af-c105-4631-a7fd-27eb4c7590a9"
"Botwood Blades","Botwood","NL","CA","Independent","association","eaee604c-01a3-443c-8dea-5a73d3aec8e4"
"Boulder HC","Boulder","CO","US","CAHA-CO","association","8c241a96-c2b6-4a1b-a56c-3fea18b02979"
"Boundary Predators","Midway","BC","CA","WKMHA","association","153cb3d3-103d-400d-95b1-5dadd6699b1a"
"Bourget College","Rigaud","QC","CA","RSEQ","academy","ab3d46cf-4cbc-4c90-9fc5-de2e8f768a65"
"Bow Island Rebels","Bow Island","AB","CA","CAHL","association","a63170fb-b46e-4af7-89e7-a74c8443bc9d"
"Bow River Bruins","Calgary","AB","CA","HC","association","858b45dc-3495-4430-ba4f-80967d3d77f8"
"Bow Valley Flames","Calgary","AB","CA","HC","association","73b9ae54-9b94-446f-9255-666d7d4d31a1"
"Bow Valley Timberwolves","Cochrane","AB","CA","AEHL","association","49de02c6-3b5c-4c4a-926c-04cbc70985b7"
"Bowie Bruins","Bowie","MD","US","CBHL","association","485f6414-90de-433b-b476-da8196553898"
"Bowling Green Ice Cats","Bowling Green","OH","US","LCAHL","association","fece02e3-3527-4cd0-94c9-0f0b8efb9b12"
"Boyle Blazers","Boyle","AB","CA","NEAHL","association","5d9b5867-3bfb-494c-a947-9bc0f11e7bb0"
"Bozeman Icedogs","Bozeman","MT","US","TSL","association","71cf6866-954d-4bab-b626-e77a166625cf"
"Bradford Blizzard","Bradford","PA","US","MOHL","association","df3abc89-2d55-4d79-9ca4-88c4f68eb660"
"Bradford Bulldogs","Bradford","ON","CA","OMHA","association","19273c2c-cabe-4af0-a0fa-8f28cbd899f7"
"Brainerd Warriors","Brainerd","MN","US","MN15","association","c1076d3c-7136-490f-a61f-54afddd05a7c"
"Braintree Wamps","Braintree","MA","US","SSC","association","41673771-b678-4afb-b33f-6187369dcc2a"
"Brampton 45s","Brampton","ON","CA","OMHA","association","dfb08a9b-dd1d-485f-b2ad-17095755767e"
"Brampton Canadettes","Brampton","ON","CA","OWHA","association","95ce4c87-f255-474f-8243-db3e211de38f"
"Brandon Valley Ice Cats","Brandon","SD","US","SDAHA","association","4282c7ec-ec24-4737-bda3-683334f017ec"
"Brandon Wheat Kings","Brandon","MB","CA","Parkissimo","association","f73e94fa-a9ea-41f8-a99c-0f5e688400f2"
"Brant Battalion","Paris","ON","CA","OMHA","association","757be881-a5e1-4aa7-a6b7-25fdb1889135"
"Brantford 99ers","Brantford","ON","CA","OMHA","association","aea5b8e6-101a-4cd1-a81c-bd09dff938a1"
"Brantford Ice Cats","Brantford","ON","CA","OWHA","association","f136d029-e3a0-484a-9a5f-05d32f07666c"
"Brattleboro Greyhawks","Brattleboro","VT","US","GSL","association","6ed5c29a-c95d-4093-a656-d53f7cac47a4"
"Brazos Valley Storm","College Station","TX","US","Independent","association","ebd06867-c641-47f1-bb1a-816f0f2a79a1"
"Breckenridge-Wahpeton Blades","Wahpeton","ND","US","MN15","association","8bd3eb88-dfe6-46d3-bed6-f553f9cc5cf6"
"Brewer Witches","Brewer","ME","US","MEAHA","association","827ba90b-966b-4b9d-92a1-034158c23d4c"
"Brewster Lady Bulldogs","Brewster","NY","US","AGHF","association","56abcf23-9306-4fe5-bc57-e2260a9b369b"
"Brick Hockey Club","Brick","NJ","US","NJYHL","association","e4984f11-596d-4f19-8fee-48561205b0d4"
"Brighton Bolts","Brighton","ON","CA","EOMHL","association","602aa834-48e7-46c6-bb50-796a87b80e51"
"Brock Wild","Brock","ON","CA","OMHA","association","18a99d21-6e72-45ee-89f7-83bada4f5e16"
"Brockville Angels","Brockville","ON","CA","OWHL-E","association","5f5bb2a5-cb46-4dd8-9293-11d690e5ffc0"
"Brockville Jr Braves","Brockville","ON","CA","UCMHL","association","f3762ce3-bdbe-412b-b92c-b877d47284a7"
"Bromont Rockies","Bromont","QC","CA","Estrie","association","a9571f44-75be-4b7a-bba2-ddc1235ac35d"
"Brookings Rangers","Brookings","SD","US","SDAHA","association","358166d7-e63e-4dd5-afa2-fbb835f66e42"
"Brookline Warriors","Brookline","MA","US","MYCGL","association","ba2b4ac9-5e24-4704-af07-ae62fa9ab288"
"Brooks Bandits","Brooks","AB","CA","CAHL","association","9718f732-87f0-47b3-9683-f51facb7d027"
"Brossard","Brossard","QC","CA","LHER","association","013e32e2-2e18-4ef0-a2ad-94a84948fff7"
"Brossard/La Prairie Bulldogs","Brossard","QC","CA","LHER","association","76572fc1-9265-4376-929a-c6ec9df9a595"
"Bruce Grey Bulls","Port Elgin","ON","CA","OMHA","association","4b4594a6-5651-45fb-a70b-6e29c293e666"
"Bruce Peninsula Predators","Wiarton","ON","CA","OMHA","association","26e1121f-4af2-4be1-a2a8-42e398c9e292"
"Bruno Flames","Bruno","SK","CA","ECMHL","association","771e0f48-12d6-4ad6-9229-4f9ec916be74"
"Buffalo Bison","Buffalo","MN","US","MN05","association","92fb37e7-8d24-4011-b09e-2d92ac2fe70b"
"Buffalo Bisons","Buffalo","NY","US","GLGHL","association","2abd1293-97b4-4de0-9acd-64d676fb0494"
"Buffalo Jr Sabres","Buffalo","NY","US","T1EHL","association","f018f428-e663-41da-b6df-d3aeaa7e0c8a"
"Buffalo Red Raiders","Buffalo","NY","US","MPHL","association","36e4e7d9-d2eb-4cf2-9e72-ecc53186f2a5"
"Buffalo Regals","Cheektowaga","NY","US","GLGHL","association","a240db2f-d9dc-4586-81b3-e71abe55c490"
"Buffalo Shamrocks","Buffalo","NY","US","Independent","association","459cb42e-e95a-4d19-a299-1ec04ef93ef6"
"Burford Coyotes","Burford","ON","CA","OMHA","association","c8e2e542-c052-48f0-acc7-9eaa309138b1"
"Burlington Barracudas","Burlington","ON","CA","OWHA","association","599bd7bf-7279-4949-80e7-6cf8cd90d3d0"
"Burlington Bobcats","Burlington","VT","US","VSAHA","association","4e0bcede-54d3-44d3-bdf5-61d7f15ba67d"
"Burlington Bulldogs","Burlington","ON","CA","OMHA","association","9c0a147e-9c4e-470f-83fa-39bcfcbc7be6"
"Burlington Eagles","Burlington","ON","CA","OMHA","association","769c6b7e-8fc5-48fc-a55c-4aa9dd7555d6"
"Burlington Raiders","Burlington","ON","CA","OMHA","association","ecfd96ac-be02-43df-9d4c-04414c9e1e90"
"Burlington Red Devils","Burlington","MA","US","VHL","association","8bbbdfe4-8598-457a-8271-be17157e9b3f"
"Burnaby Bulldogs","Burnaby","BC","CA","PCAHA","association","2d66385d-45ce-4c51-91b5-46dd296477ea"
"Burnaby Wildcats","Burnaby","BC","CA","PCAHA","association","0822bae8-7821-4952-aee8-38b19743cb98"
"Burnaby Winter Club Bruins","Burnaby","BC","CA","CSSHL","association","6045e825-6821-4229-90df-ab754e202394"
"Burnett Blizzard","Siren","WI","US","WAHA","association","874d7fc5-f653-414e-80c6-56571041206c"
"Burns Lake Bruins","Burns Lake","BC","CA","NWD","association","1d135501-77e8-4a0f-b60e-3b1e168d1ede"
"Burrillville Broncos","Burrillville","RI","US","SCHL","association","46ccfdb9-37c1-4399-9748-65dda4de248a"
"Burrillville Broncos (Midget)","Burrillville","RI","US","Independent","association","0ec9685b-edc6-41a7-ba4b-363ac55603ad"
"Butte Jr Irish","Butte","MT","US","TSL","association","305fb9df-094a-459f-ad22-98642cd2be0c"
"Cabri Bulldogs","Cabri","SK","CA","SSHL","association","d5cde687-88af-48a9-95eb-097af3dd0d2b"
"Cache Valley Jr Aggies","Logan","UT","US","UAHL","association","3ea71c54-600b-41b4-9cce-87bdf3021d89"
"Cadillac Vikings","Cadillac","MI","US","Adray","association","7de82431-bde2-4afd-a7b0-9eeacdb94902"
"Caledon Coyotes","Caledon","ON","CA","OWHA","association","919ee0e3-4683-498f-b552-1cd5fac3f086"
"Caledon Hawks","Caledon","ON","CA","OMHA","association","c59d9615-579f-4f28-992d-60782d69bd5e"
"Caledonia Thunder","Caledonia","ON","CA","OMHA","association","1e28383d-2b30-443d-a4d5-35a852559a9f"
"Calgary CBHA","Calgary","AB","CA","AEHL","association","9961668f-7c6c-4294-948b-ac2f023e7980"
"Calgary CNHA","Calgary","AB","CA","AEHL","association","16e1ae28-5ebd-45bf-9c69-3cf8f366e124"
"Calgary CRAA Royals","Calgary","AB","CA","AEHL","association","798ea8a0-0176-457f-b788-45469521e456"
"Calgary Edge School","Calgary","AB","CA","CSSHL","academy","63094da8-c4cb-47ed-b8b3-8dde27897847"
"Calgary Fire","Calgary","AB","CA","AFHL","association","270d2484-69a6-4e1d-ace5-93f54e80d45f"
"Calgary International Hockey Academy","Calgary","AB","CA","CSSHL","academy","6cdd50ac-714d-4858-8b16-9695a9adbfdb"
"Calgary Knights","Calgary","AB","CA","HC","association","f7f03da8-1b4a-4677-af68-0927ac2d2696"
"Calgary NWCAA","Calgary","AB","CA","AEHL","association","057d987b-ce87-48f5-b85f-88c8471b0010"
"Calgary Raiders","Calgary","AB","CA","HC","association","bae6e7c2-31e5-4675-b08a-872b24a498e6"
"Calgary Wolverines","Calgary","AB","CA","HC","association","c05c1c1a-16d0-4462-9b3f-8482c4de3797"
"California Bears","Burbank","CA","US","CAHA","association","91c81c83-9b95-4120-b731-80f796866c91"
"California Cougars","Cupertino","CA","US","CAHA","association","62078d52-8a60-4d89-a54f-b9796c23691b"
"California Goldrush","Lake Forest","CA","US","CAHA","association","cc7d264f-38f6-4eda-b88f-b2921a455a03"
"California Heat","Panorama City","CA","US","CAHA","association","221d4270-aad1-468d-b77a-b3d90026dc6b"
"California Jr Reign","Riverside","CA","US","CAHA","association","044e2eca-6f3f-4022-af8e-dac45c89f5c2"
"California Surf","Westminster","CA","US","CAHA","association","e8e07127-ffaa-403e-913f-371a88c7cbb0"
"California Wave","Artesia","CA","US","CAHA","association","6eaab974-2d73-4881-b1d5-b0ed1726b48c"
"Calumet Ice Kings","Calumet","MI","US","CUP","association","8d111eb4-f7af-41c3-a619-05d9d663915f"
"Camaradiere Ecole","Quebec","QC","CA","RSEQ","association","7a946cdf-4716-4f36-9c31-fa7c3db8b9a0"
"Cambridge Falcons","Cambridge","MA","US","VHL","association","a0f376d7-b9e0-4aee-8c21-d3553764ab8b"
"Cambridge Hawks","Cambridge","ON","CA","OMHA","association","1414df31-5d4d-477e-96dd-b84c5901c235"
"Cambridge Roadrunners","Cambridge","ON","CA","OWHA","association","8ad0bd6a-f263-41c3-b670-86118f612792"
"Cambridge-Isanti Blue Jackets","Isanti","MN","US","MN10","association","281cca4a-3cf3-4758-8cdd-2eddce8e31d9"
"Camillus Cougars","Camillus","NY","US","CNY","association","fb87ea69-2281-4a99-9f06-0c650f5e50d4"
"Campbell River Tyees","Campbell River","BC","CA","VIHL","association","61d9a02c-401c-4056-a98e-29ba0c5789ce"
"Campbellford Colts","Campbellford","ON","CA","EOMHL","association","6e16df01-946d-4169-b921-871c440766d9"
"Campus Wild","Downingtown","PA","US","DVHL","association","b89bc979-bf4a-45bb-92f1-8e175b672817"
"Camrose Vikings","Camrose","AB","CA","AEHL","association","40a86127-01b0-4f50-99db-f6791cb61438"
"Canandaigua Knights","Canandaigua","NY","US","EAHC","association","2edbc1ca-e11f-41c9-af80-d395acea0754"
"Candiac Lions","Candiac","QC","CA","LHER","association","b3eb4773-ef3f-4281-8a78-bce371022b45"
"Cando Odnacs","Cando","ND","US","NDAHA","association","bba7ab3e-2517-400f-903f-32cc11ab4d9f"
"Canmore Eagles","Canmore","AB","CA","CAHL","association","c2f98dc8-465b-41c9-84bb-68811615b9b9"
"Canora Cobras","Canora","SK","CA","MHL-SK","association","652caa86-a21a-43f3-b504-55fec7d55da4"
"Canso Bluefins","Canso","NS","CA","NCHL","association","1888043a-f41c-4beb-9c4e-d715cec43503"
"Canterbury Knights","Ottawa","ON","CA","BMHL","association","d939cd2e-af60-41ba-90f9-802921065e2a"
"Canton Bears","Canton","NY","US","HEO","association","41ec00c6-e368-4c25-b04a-cc96bdde0b69"
"Canton Bulldogs","Canton","MA","US","BSHL","association","d56e9f15-2da8-408a-8b66-2b65a5ee0b98"
"Canton Wolves","Canton","MI","US","LCAHL","association","4bdd088c-caf0-4427-9b05-1e3e12382aed"
"Canton-Akron Jets","Canton","OH","US","CSHL","association","e54a45e6-f394-4cb1-84d3-cbe6b746d3d8"
"Cap-Jeunesse Ecole","Saint Jerome","QC","CA","RSEQ","association","6c7349b1-5a46-4f4a-88fb-4b9d6b54525a"
"Cape Ann","Gloucester","MA","US","MYCGL","association","67831b13-ec20-496e-984b-536e22d2d2c6"
"Cape Breton Blizzard","Cape Breton","NS","CA","NSFHL","association","7f5a57f0-08c5-4e50-849b-d87e5e44729d"
"Cape Breton County Islanders","Sydney","NS","CA","NCHL","association","30686131-19fc-4df5-b7e9-270a2373d662"
"Cape Breton West Islanders","Inverness","NS","CA","NCHL","association","c40d7dee-f52b-46a0-8048-fd35db7a5d85"
"Cape Cod Blues","South Dennis","MA","US","SSC","association","1cae4fc5-ee2d-4744-90e1-c1d986906752"
"Cape Cod Canal Sharks","Forestdale","MA","US","SSC","association","f3f273c4-c6a5-4483-af1c-4677f9afc2fe"
"Cape Cod Lightning","Falmouth","MA","US","PHL","association","9a84f94f-ce36-4cd5-b840-a2512ea952ef"
"Cape Cod Seahawks","Hyannis","MA","US","E9HL","association","7e371c4e-aff5-4cb4-b832-a0c7b644a97e"
"Cape Cod Storm","Falmouth","MA","US","NEGHL","association","ce174fc7-f13d-45ff-96c5-9d109697e7a9"
"Cape Cod Whalers","Foxboro","MA","US","EHF","association","6a766c63-44fc-4f01-aca0-f60078f4ede4"
"Cape Fear Warriors","Fayetteville","NC","US","CHL","association","14b474d3-a8be-4f4d-9917-5706d112e11f"
"Capitals Academy","Arlington","VA","US","CBHL","academy","f7f67159-4cd1-4c32-a902-e481827bbf5d"
"Capmad Barons","Cap-de-la-Madeleine","QC","CA","Mauricie","association","9ea518cd-31a1-4529-9d7e-4f90546a17e0"
"Caraquet Acadiens","Caraquet","NB","CA","NSMHL-LHMC","association","744ed4ec-48d7-4c36-a9dc-b1bb68fe309c"
"Carberry Plainsmen","Carberry","MB","CA","SWRHL","association","7c1556d1-f111-4250-9b21-1b5f8c7acab4"
"Cardinal Roy Ecole","Quebec","QC","CA","RSEQ","association","452da25c-567a-4c9e-90a6-72df421cee42"
"Cardston Thunder","Cardston","AB","CA","CAHL","association","c67cc334-4615-41c9-b6cd-6a64a2a80a66"
"Cariboo Cougars","Prince George","BC","CA","BCEHL","association","e3b0c06d-8d2a-49d9-8af7-4db9dac4f058"
"Carleton Blue Knights","Carleton","NB","CA","NBD1&2","association","a84eb765-ef53-4b62-900d-a636fbc2d489"
"Carleton Place Cyclones","Carleton Place","ON","CA","OWHL-E","association","46ab1ba4-90af-4602-8ee7-f1ccc69b4015"
"Carleton Place Kings","Carleton Place","ON","CA","LCMHL","association","17827283-47a3-4690-bfd9-4b3457deeab1"
"Carlsbad Mavericks","Carlsbad","CA","US","CAHA","association","aafce828-8428-4025-8831-c71602e0a531"
"Carlyle Cougars","Carlyle","SK","CA","MMMHL","association","3f600d0a-9762-4e67-8b9b-9f9fa81dc222"
"Carman Cougars","Carman","MB","CA","PVMHA","association","64af5630-3d5a-4926-904d-3614178f7988"
"Carolina Alliance","Raleigh","NC","US","Independent","association","e3814597-225c-4ea0-9248-bac99d224108"
"Carolina Junior Canes","Raleigh","NC","US","AHF","association","8ad8acc5-540c-46da-92f2-61537cf2b039"
"Carolina Lady Thunderbirds","Winston-Salem","NC","US","SGHL","association","691e0347-ce53-4cf7-b0c8-1d0d4a47c615"
"Carolina Premier","Charlotte","NC","US","ACHC","association","0f61cac8-bf27-4287-9aca-cd3e39ac6a90"
"Carolina Thunder","Hillsborough","NC","US","ACHC","association","705896e3-decb-44f0-813c-5c7033b49e8a"
"Caroline Colts","Caroline","AB","CA","CAHL","association","e435760a-3266-4cf8-93a7-d1724f585a47"
"Caronport Cougars","Caronport","SK","CA","MJMHL","association","8f21f25a-43af-43ed-9d3f-dccfc267a088"
"Carrot River Loggers","Carrot River","SK","CA","NEMHL","association","1442adf2-2b53-4c20-a5e3-9947e0b7b44b"
"CarShield","St Louis","MO","US","NAT1HL","association","4da33f4e-4a21-4d08-bd61-5db1af6849eb"
"Carstairs Bruins","Carstairs","AB","CA","CAHL","association","83060539-9e84-44c7-ba3c-69d00ad60fe3"
"Cascades Elite","Kingsey Falls","QC","CA","LHEQ","association","7d7fbfb1-6a67-4c7e-bde1-cd2b683bc9d1"
"Casco Bay Mariners","Portland","ME","US","E9HL","association","22f317b3-d905-4b2b-8ecf-91167b2f7438"
"Casper Oilers","Casper","WY","US","WAHL","association","bd6597c0-c1c8-40d3-a870-6be14afa9ce4"
"Casselman-Embrun IceDogs","Casselman","ON","CA","OBMHL","association","db76391b-3635-4bac-bdfd-24eb3e8c3363"
"Castle View Sabercats","Castle Rock","CO","US","CPHL","association","0c1d3a01-e374-4fca-a5a9-ace9a494a1d8"
"Castlegar Jr Rebels","Castlegar","BC","CA","OMAHA","association","bf3a5ffb-9808-46ec-ae5b-66d6f65fa848"
"Castor River Canucks","Metcalfe","ON","CA","GHA","association","85c013ac-4a19-4c80-af44-fb2ee172d954"
"Cayuga Stars","Cayuga","ON","CA","OMHA","association","73c0ac61-0dcb-4a44-8b36-ab9b4e6b7cde"
"Cazenovia Chiefs","Buffalo","NY","US","GLGHL","association","58e198a8-e2dd-4090-9d69-8acd57a6befc"
"CBIO Eagles","Beaupre","QC","CA","QBC","association","cccd74a0-0962-4955-831f-6d7b51f2fb10"
"CBR Renegades","Kelligrews","NL","CA","DJHL","association","acebb294-7d9c-4e0b-b4f6-aa315e8f3916"
"CDA Hockey Academy","Coeur d'Alene","ID","US","CSSHL","academy","7642aa10-365a-4b6d-af29-b466f6044ad3"
"Cedar Rapids Jr Roughriders","Cedar Rapids","IA","US","MwHL","association","9335b46c-f6d6-4d80-92ea-afcb94cba09f"
"Centennial Cougars","Circle Pines","MN","US","MN10","association","daa80e28-d490-4d51-9c01-e08763bbcdfd"
"Center State Stampede","Morrisville","NY","US","Snowbelt","association","0634086f-c974-4b81-864e-25ed40dbbbe4"
"Central Butte Flyers","Central Butte","SK","CA","MJMHL","association","40ccc036-1625-4097-a439-c8e28db67836"
"Central CT Capitals","Newington","CT","US","CGHL-CT","association","73bf2692-74e0-4ed1-bc9e-15eb52024bca"
"Central Florida Bears","Orlando","FL","US","SFGHL","association","b7c2b622-585d-4a63-b871-855deecd7337"
"Central Illinois Revolution","Bloomington","IL","US","MSGH","association","58fa98e4-50af-4fdc-9a15-315e502d0d11"
"Central Maine Hornets","Waterville","ME","US","MEAHA","association","fe701216-2a0b-4bd8-9890-13dec00af10b"
"Central Mass Outlaws","Marlborough","MA","US","PHL","association","7cdb7014-f921-4f15-9c45-19b586da1d7e"
"Central Mass Penguins","Ashburnham","MA","US","EHF","association","dac79b47-7760-407a-aa7d-2687ab000559"
"Central Mass Revolution","Westboro","MA","US","VHL","association","80d52ee1-3511-40e3-9fc9-78d625b35258"
"Central Minnesota Riverblades","Sartell","MN","US","MN05","association","1ba1d04c-d1f9-4613-a11b-4ecd2c051e0f"
"Central Ontario Wolves","Lindsay","ON","CA","OMHA","association","f7ccab19-617e-402d-a827-d60d461bb619"
"Central Outlaws","Lansing","NY","US","CNY","association","063e4303-a724-443d-bead-f1afbca8fb51"
"Central Penn Panthers","Lancaster","PA","US","DVHL","association","0af2c221-b7d1-423c-a6c8-6a147909cae4"
"Central Perth Predators","Monkton","ON","CA","OMHA","association","717ce7ab-a9a3-4f6b-915a-53b9c1a38197"
"Central Plains Capitals","Portage la Prairie","MB","CA","WAAAH","association","cbbb38f3-d953-4c8f-a1f5-04c188278fee"
"Central Rhode Island Knights","Cranston","RI","US","SCHL","association","ea0eb495-d7a9-4da1-a6a7-b8ffb3981b69"
"Central Vermont Black Bears","Barre","VT","US","VSAHA","association","9de8e7ba-f1d4-40a3-9c19-e490c329c5a0"
"Central York Panthers","Aurora","ON","CA","OWHA","association","7192d213-01bb-4014-b0cb-e6c8b70f1f1f"
"Centre Hastings Grizzlies","Madoc","ON","CA","EOMHL","association","dad788bc-c9b0-451e-b74d-650946039549"
"Centre Wellington Fusion","Fergus","ON","CA","OMHA","association","580a4189-e8e7-4325-a408-a38db639edac"
"Centre-Sud Phoenix","Montreal","QC","CA","MON","association","5396603e-771e-4119-88df-553a79bf4e8c"
"CFHA Storm","Fredericton","NB","CA","NBFAAAHL","association","7a5a69e4-2092-45ff-8106-2139da17b225"
"CHA Grizzlies","Dollard-Des Ormeaux","QC","CA","LHGM","association","a184e38a-f3dc-4e6b-b5ed-98037ea70705"
"Chaleur Titans","Beresford","NB","CA","NSMHL-LHMC","association","20f120bb-d655-406b-92fb-9ba2f41772a1"
"Chambly Forts","Chambly","QC","CA","LHER","association","f2e8ae04-8594-4e13-97de-ba97a7f47cb9"
"Champaign-Urbana Chiefs","Champaign","IL","US","CSDHL","association","b53066e2-df7d-4806-85b8-81438e89372e"
"Champlin Park Rebels","Champlin","MN","US","MN10","association","7430773f-50b5-4ba7-af9e-adfdd7752194"
"Chapleau Huskies","Chapleau","ON","CA","NEOHA","association","93355873-73f1-436a-ad4f-6d8ffa38f22c"
"Char-Lan Rebels","Williamstown","ON","CA","UCMHL","association","e92ab7d3-7fad-49a6-bf75-ded130fabf6b"
"Charles Lemoyne College","Sainte-Catherine","QC","CA","RSEQ","academy","f48a2267-c168-4bd4-b201-dae49d59d5ae"
"Charles River Blazers","Dedham","MA","US","NEGHL","association","8df3891e-24f3-494e-b8c0-05c18052cbe9"
"Charlesbourg Elans","Charlesbourg","QC","CA","LHQCA","association","8dac301d-6d49-479e-9fed-28b19d060212"
"Charleston Jr Stingrays","Charleston","SC","US","ACHC","association","c5dedc6f-ad5e-4ff3-9061-9f2ac365d3cb"
"Charlestown Townies","Charlestown","MA","US","MYCGL","association","1a6509ea-d65b-402b-b336-d1a534f94195"
"Charlevoix Rorquals","Clermont","QC","CA","LHQCA","association","ab3d4bae-9bba-49c9-a898-65cf6dc00109"
"Charlotte County Whalers","Blacks Harbour","NB","CA","SNBMHL","association","e0c85de9-3442-4df9-9447-5d1189ef0642"
"Charlotte Jr Checkers","Charlotte","NC","US","Independent","association","5b2ef387-f787-43ca-ae53-407b4632dfb6"
"Chase","Chase","BC","CA","OMAHA","association","909dc0fc-bac8-49bc-adc8-23aba94fbb8b"
"Chaska Chanhassen Stormhawks","Chaska","MN","US","MN06","association","60f74f49-47f1-4bf2-a0f1-0779f0a4ed17"
"Chateauguay Cougars","Chateauguay","QC","CA","LHGM","association","7000eb18-2fba-4488-ad6b-05726c24b945"
"Chatham Kent Crush","Chatham","ON","CA","OWHA","association","f71ffdbd-31fc-474f-9a56-bc1eaa1633a8"
"Chatham-Kent Cyclones","Chatham","ON","CA","OMHA","association","53f99d6d-af0e-4349-827f-ee967bba923d"
"Chatsworth (TCDMHA) Rebels","Chatsworth","ON","CA","OMHA","association","08debdf6-768e-41df-aee4-f0844ec5bc8b"
"Chaudiere Etchemin Eclaireurs","Levis","QC","CA","LCRSE","association","2197f88e-3c04-45e2-a2c5-5b50d34cf3d6"
"Chaudiere Ouest Huskies","St-Etienne-de-Lauzon","QC","CA","LCRSE","association","fd0947d6-1308-4a74-8c2f-6df4183cbb9f"
"Chazy Flyers","Chazy","NY","US","NNYSHL","association","6e112f3e-271f-419e-a39e-7336ef2a435a"
"Cheboygan Blaze","Cheboygan","MI","US","Adray","association","3617f9ab-1ae7-4e57-82aa-9cbdcba9b5b5"
"Chebucto Atlantics","Halifax","NS","CA","CMHF","association","765e9253-2df6-465d-8763-3487ab9896f3"
"Cheektowaga Warriors","Cheektowaga","NY","US","MOHL","association","af7eb001-1ddd-4dca-a59e-60dfb5e098c2"
"Chelmsford Lions","Chelmsford","MA","US","MYCGL","association","a3c955d2-e8b3-491b-a136-6faa9aa4bd29"
"Chelsea Chiefs","Chelsea","MI","US","LCAHL","association","43077d20-ebfd-4325-8274-f89af5812f2d"
"Chene-Bleu Ecole","Pincourt","QC","CA","RSEQ","association","b0ebf089-96b3-42d4-9e72-7edcdc7cb8f3"
"Cherry Creek","Greenwood Village","CO","US","CPHL","association","91a8caae-e8f9-4692-ab73-bad91efa1c10"
"Chester County Cougars","Kennett Square","PA","US","DVHL","association","ca488791-aa1f-419e-a295-5adb863368d1"
"Chester Ravens","Chester","NS","CA","SMHL","association","6842cf30-649c-4415-9ace-494bbd37207d"
"Chesterfield Falcons","Chesterfield","MO","US","CSDHL","association","2d177cc2-cc07-45fe-83d1-1a4bde2c78f9"
"Chestermere Lakers","Chestermere","AB","CA","CAHL","association","0a8d86fc-d675-4c49-8c64-b2432e4dc8ae"
"Chetwynd Giants","Chetwynd","BC","CA","APHL","association","056f6a05-3d24-453c-b043-6d0a2029fb89"
"Chevy Chase","Chevy Chase","MD","US","CBHL","association","d4ac74e9-636d-45c6-9579-355c32a3ba19"
"Cheyenne Capitals","Cheyenne","WY","US","WAHL","association","8d88d289-b291-46e5-88b7-058cab914bc4"
"Chibougamau Ambassadeurs","Chibougamau","QC","CA","SLJ","association","c175e677-e53f-436a-9a06-9c3f183e6457"
"Chicago Blues","Bensenville","IL","US","CSDHL","association","13729ec2-9a86-46d7-baad-d9d2fd643bc9"
"Chicago Bulldogs","Lincolnwood","IL","US","CSDHL","association","6eb3df48-a278-400e-b884-ee4b1a5b93ea"
"Chicago Fury","Orland Park","IL","US","T1EHL","association","ab3b2d9c-f780-4d2b-8d70-1cabc956cc2c"
"Chicago Hawks","Darien","IL","US","CSDHL","association","8a12b853-f0ae-4c1d-a6b1-d26923ebc5d2"
"Chicago Horned Frogs","Chicago","IL","US","NWHL","association","080e7be6-52fb-4610-a621-221ee344c921"
"Chicago Jets","Chicago","IL","US","CSDHL","association","ece9687e-cbae-46c3-aea7-6eaea03d4f44"
"Chicago Mammoth","Skokie","IL","US","CSDHL","association","af734b38-9beb-4ee1-9680-640293e3bc44"
"Chicago Mission","Chicago","IL","US","Independent","association","cecc3c9c-b98a-4b82-9a67-d49279df7ee9"
"Chicago Phantoms","Woodridge","IL","US","THF","association","66e66194-3432-4d14-977d-8cb5da8b5449"
"Chicago Reapers","Mount Prospect","IL","US","Independent","association","ebb9d3ea-9e86-43a8-91ff-acb606b0b410"
"Chicago Stallions","Chicago","IL","US","CSDHL","association","1260e2db-36a7-4364-82e2-cee6048f38bd"
"Chicoutimi Sagueneens","Chicoutimi","QC","CA","SLJ","association","c144d6ac-0019-4567-abcd-0674f862b191"
"Chilliwack Bruins","Chilliwack","BC","CA","PCAHA","association","0048ed68-8001-4044-8ce8-8c34ca53b816"
"Chippewa Thunder","Chippewa Falls","WI","US","WAHA","association","814d1d13-e113-439c-86d9-f52d1f9eafd3"
"Chisago Lakes Wildcats","Lindstrom","MN","US","MN02","association","6f3d3d18-e9f6-4956-bc68-a4befbe41b5b"
"Churchbridge Imperials","Churchbridge","SK","CA","MHL-SK","association","47cbfb6d-c16b-4a61-9b19-911da8fa4bb4"
"Churchill Falls Thunderbirds","Churchill Falls","NL","CA","Independent","association","cfcffc9c-e3fb-4530-9a6a-b907af0a779d"
"CIHA Voyageurs","Rockland","ON","CA","CSSHL","association","b795f0eb-9815-4296-875d-90701c5c5403"
"Cincinnati Jr Cyclones","Cincinnati","OH","US","BTHL","association","38180509-c1e5-4203-a749-17cb057ee390"
"Cite-des-Jeunes Ecole","Vaudreuil Dorion","QC","CA","RSEQ","association","b402f54d-a32e-453e-b690-4551210f827b"
"Clairmont Sabres","Clairmont","AB","CA","APHL","association","053fc32c-245f-4393-ba5a-432af4055719"
"Clare-Digby","Clare","NS","CA","SMHL","association","bf682e0b-9cf0-4c55-9774-1f2f69766689"
"Clarence Mustangs","Clarence Center","NY","US","WNYAHL","association","656d8779-a23b-48d7-8751-3f4f4fa4cbd5"
"Clarence Rockland Crush","Clarence-Rockland","ON","CA","OBMHL","association","4de8814a-8c94-4387-975f-ce0b1ec34cfb"
"Clarence-Rockland Lightning","Rockland","ON","CA","OWHL-E","association","ade8bb0a-d6bd-4e5f-bafa-bcf3c4eb4e70"
"Clarenville Caribous","Clarenville","NL","CA","Independent","association","0c097bca-2749-48dc-b3de-a6b99f399064"
"Claresholm Thunder","Claresholm","AB","CA","CAHL","association","8c3b8c29-21c1-415f-80c9-42f64f6baf6f"
"Claretain College Graal","Victoriaville","QC","CA","RSEQ","academy","7fe21a00-98cd-4044-9ea7-04138be7be02"
"Clarington Flames","Bowmanville","ON","CA","OWHA","association","6a542771-fd37-4bea-ae2c-57547c970f61"
"Clarington Toros","Bowmanville","ON","CA","LHL","association","7b44eb1a-71b6-417c-b192-80c00e9a6de5"
"Clavet Cougars","Clavet","SK","CA","SMHA","association","caee2dce-96ad-440d-a9ad-6591121d491a"
"Clearview Canucks","Stayner","ON","CA","MOMHL","association","4b558b4e-b502-4943-9398-0b239dd4e611"
"Clearview Colts","Goodlow","BC","CA","APHL","association","917049c6-39b3-474b-9ce8-5e13932f2f95"
"Clearwater Cyclones","Clearwater","FL","US","Independent","association","be76a73d-2d62-4387-87f0-259769d82832"
"Clearwater Ice Hawks","Clearwater","BC","CA","OMAHA","association","22e3a5fc-bf25-4428-a1ae-c95c2ffe3671"
"Clearwater Ice Storm","Clearwater","FL","US","SFHL","association","72aa90cb-b0d9-4d05-8478-e5bda607f01d"
"Cleveland Barons","Parma","OH","US","T1EHL","association","a6570aef-d3bf-46e8-8bf9-0eb29a5f3343"
"Cleveland Crusaders","Cleveland","OH","US","Independent","association","1d193e5f-d8b0-4335-a530-5a34c566e812"
"Cleveland Sharks","Brooklyn","OH","US","CSHL","association","77c50736-359a-4e50-8d67-da9640e6dc89"
"Cleveland Skating Club Chargers","Shaker Heights","OH","US","CSHL","association","86ed887c-5abe-4a60-849d-6ab73ecbd85d"
"Cleveland Wildcats","Cleveland","OH","US","Independent","association","eb1c198c-5ea5-4046-adc7-fe7978d421ce"
"Clifton Park Eagles","Clifton Park","NY","US","NNYSHL","association","1abbbf35-89ea-444a-803e-99378b41ecd5"
"Clinton Comets","Clinton","NY","US","CNY","association","319a1287-980d-4ed6-924b-cecaeccb641a"
"Clive Blackhawks","Clive","AB","CA","CAHL","association","8da0b4b6-c6bf-4147-b301-5647e6331491"
"CLL Ambassadeurs","Charlemagne","QC","CA","LH3L","association","be24bfe2-5503-4bbe-961f-68a2eb172298"
"Cloquet Lumberjacks","Cloquet","MN","US","MN11","association","d7cbc535-53da-4ceb-ae6c-5f3b60319d33"
"Cloverdale Colts","Cloverdale","BC","CA","PCAHA","association","986a51c4-b8bb-4b03-8e32-239cb1b55a4f"
"CNN Spurs","Gibbons","AB","CA","NEAHL","association","3e45be60-8d4b-418b-a7d4-e25ff538c1e9"
"CNY Bobcats","Clinton","NY","US","Indep-G","association","5f04f401-bfcd-4707-950a-c298a35a0dd5"
"Coach Sam Hockey","Burlington","ON","CA","","association","704b33a4-9609-4a6d-bfe8-c1ca34a5015d"
"Coachella Valley Jr Firebirds","Cathedral City","CA","US","CAHA","association","565adc9b-358a-4361-82de-2ac976d807ae"
"Coaldale Cobras","Coaldale","AB","CA","CAHL","association","49c24636-5fb8-46d9-90ad-87647d09a80a"
"Coastal North","Baie Comeau","QC","CA","LHEQ","association","b5c31382-15f6-4491-8fe7-7e581d69eabc"
"Coaticook Frontaliers","Coaticook","QC","CA","Estrie","association","f45050ac-8389-4c59-8418-dc4debe79d20"
"Cochrane","Cochrane","ON","CA","NEOHA","association","b5a508e0-f332-4df9-8f8a-8df3ac31e8bb"
"Cochrane Rockies","Cochrane","AB","CA","CAHL","association","ea6de229-cb01-4a72-8276-5968b26a839c"
"Coeur d'Alene Thunder","Coeur d'Alene","ID","US","IAHA","association","9a29e074-0348-4939-b9d9-1862af87be3d"
"Colborne Fire Hawks","Colborne","ON","CA","OMHA","association","6892802b-4c42-474a-87cc-12c3d95ac50e"
"Cold Creek Comets","Trenton","ON","CA","OWHA","association","a01912e0-749c-4314-989e-969f21d0269f"
"Cold Lake Ice","Cold Lake","AB","CA","NEAHL","association","20b93a7f-4759-494e-8caa-b772a7c1d580"
"Coldwater Wildcats","Coldwater","ON","CA","MOMHL","association","63a1a63a-2cbc-4f19-a18c-c15205789b3e"
"Cole Harbour Wings","Cole Harbour","NS","CA","CMHF","association","e866f654-eb9c-4186-96cd-70f7bfc5afa0"
"College Charles Lemoyne Dynamiques","Ste Catherine","QC","CA","LHEQ","academy","73533f7e-bee3-446b-9d34-518f259d9cef"
"College Francais Rive-Sud","Longueuil","QC","CA","LHEQ","academy","d1e852fd-6799-4af9-9bda-3dd18f725d8c"
"College Francais Selects","Longueuil","QC","CA","LHER","academy","d3a79484-5f7d-41ae-a24f-e72b90fc9ee7"
"Collines Wolves","Chelsea","QC","CA","LHRO","association","90dc9845-7d13-489c-ae76-58302993fb93"
"Collingwood Jr Blues","Collingwood","ON","CA","OMHA","association","bd8ebe1b-8d44-4918-9580-1e102a2e2a24"
"Collingwood Lightning","Collingwood","ON","CA","OWHA","association","18f537fe-7335-40ef-983c-48c8c83f2e1a"
"Colorado 14ers","Littleton","CO","US","CAHA-CO","association","46666a26-3268-4984-8535-a199c2f6cfbb"
"Colorado Extreme","El Jebel","CO","US","Independent","association","15c27d3d-4b68-4fdf-8da7-13cdaada02ba"
"Colorado Rampage","Monument","CO","US","CAHA-CO","association","280955f3-f6de-4f55-80de-074e2ac00f2b"
"Colorado Springs Tigers","Colorado Springs","CO","US","CAHA-CO","association","0284ec86-829d-4c65-987f-529f7071a28b"
"Colorado Thunderbirds","Denver","CO","US","CAHA-CO","association","b643288c-bf9b-435a-9bc1-c6b9ed18e394"
"Columbia Cyclones","Columbia","SC","US","ACHC","association","2a64129d-104c-40d4-836c-1157904e98f7"
"Columbus Blue Jackets","Columbus","OH","US","CGHL-CE","association","445a8f7c-666b-4c38-ba9e-b4d68711baf0"
"Columbus Capitals","Columbus","OH","US","MCHL","association","3b76448d-5958-429f-a822-fd40f127a36d"
"Columbus Chill","Columbus","OH","US","Independent","association","fd5a764b-a25c-49a6-83e6-3247eb5ed57c"
"Columbus Cottonmouths","Columbus","GA","US","SYTHL","association","8d4b240a-acf5-4788-bc98-2193fe7b5b11"
"Columbus EDP Spiders","Columbus","OH","US","MCHL","association","4db90e81-a9bd-4d2a-90c0-4ffdc18dd08d"
"Columbus Flames","Columbus","IN","US","BTHL","association","873c4b4d-154f-45a7-9a64-fc9205aaa27d"
"Columbus Mavericks","Columbus","OH","US","BTHL","association","e7882f1e-2f40-4726-9988-011797d0efe5"
"Comox Valley Flyers","Courtenay","BC","CA","VIHL","association","9ab76b91-bf44-4a8e-ba11-8af6f426442d"
"Compuware","Plymouth","MI","US","LCAHL","association","74c7840f-fcd1-4792-b42b-c6d9a63cdc3c"
"Concord Capitals","Concord","NH","US","NHAHA","association","1678cb6b-417c-4749-a154-fed19d0a05bc"
"Concord-Carlisle Patriots","Concord","MA","US","VHL","association","0b8d1192-1458-4e6d-8aae-e725610222b7"
"Confederation HC","Edmonton","AB","CA","EFHL","association","83034e5e-5199-48da-8842-9098b1bcc996"
"Connecticut Chiefs","Newington","CT","US","BEAST","association","2f736184-4072-4349-87b0-31730bc0e788"
"Connecticut Clippers","Milford","CT","US","AHF","association","86b27bf4-16b4-4a0f-87da-220561276e01"
"Connecticut Elite","West Haven","CT","US","AYHL","association","3445758f-65e6-44eb-86e7-c6fea8165464"
"Connecticut Game Change","West Hartford","CT","US","CHC","association","a5f1572d-ef78-4faf-a85d-cad8a37666d9"
"Connecticut Hat Tricks","Danbury","CT","US","CGHL-CT","association","0f1152c6-dcce-4085-943a-765916971960"
"Connecticut Ice Cats","Darien","CT","US","AGHF","association","01dba0b1-b1c3-4a8b-82cf-61830e9991c2"
"Connecticut Jr Huskies","Storrs","CT","US","CHC","association","149f3af5-e729-4dd6-8c2d-15573fdb5792"
"Connecticut Jr Rangers","Stamford","CT","US","CHC","association","b15618ee-c1be-4fae-98f6-670a35126472"
"Connecticut Polar Bears","Shelton","CT","US","CHC","association","9ab3d56f-3213-4baf-a65e-757c686c65c6"
"Connecticut Riverhawks","Shelton","CT","US","CHC","association","102deefe-b416-425e-9e03-8617ec755cf2"
"Coon Rapids Cardinals","Coon Rapids","MN","US","MN10","association","4896ba58-5458-4873-a3fa-ebea3dc53c0c"
"Copper Cliff Reds","Copper Cliff","ON","CA","NDMHL","association","920a29d9-986f-48ef-beb3-b94df732ae2b"
"Copper Country Jr Huskies","Houghton","MI","US","CUP","association","f8c0105e-59ac-4b69-b921-c437c52f4c68"
"Coquitlam Comets","Coquitlam","BC","CA","PCAHA","association","18ccce95-7084-4ed2-a6c7-41b0cecee2bc"
"Corner Brook Royals","Corner Brook","NL","CA","Independent","association","788fee78-2ed2-489a-9c12-e467aaa56a81"
"Cornwall Colts","Cornwall","ON","CA","UCMHL","association","e5c11cec-e8c5-4dba-914c-0b01aa4d0914"
"Cornwall Typhoons","Cornwall","ON","CA","OWHL-E","association","be0617c3-5b07-4e47-bc88-09b7ad10bda5"
"Cortland Flames","Cortland","NY","US","CNY","association","2b57a3ab-9083-4e7f-84aa-909575b05204"
"Cote Selects","Cote","SK","CA","MHL-SK","association","acfff24b-95ff-4a15-a86f-4e75f0928dad"
"Cote St Luc Canucks","Cote St Luc","QC","CA","LHGM","association","468d7db8-3440-4a81-a20f-a6812e360b35"
"Coteau Ecole","Mascouche","QC","CA","RSEQ","association","747eaea1-e5c0-4d76-9f66-c714baa49ed9"
"Cottage Grove Wolfpack","Cottage Grove","MN","US","MN08","association","fcd6f3f7-8897-423d-93c9-2a068db0f0e1"
"Cowansville Huskies","Cowansville","QC","CA","Estrie","association","32caac4a-cd33-457b-9ac2-e967fc775c27"
"Cowichan Valley Jr Capitals","Duncan","BC","CA","VIHL","association","8663f37b-f0ed-4d0d-8905-a91005002ddd"
"CR Knights","Calahoo","AB","CA","NEAHL","association","1754ec9f-d6d0-4217-8cad-9284a322a10e"
"Craig Bulldogs","Craig","CO","US","Independent","association","a3440f9a-b579-4375-91df-addd74284f35"
"Cranberry Portage","Cranberry Portage","MB","CA","Norman","association","40d7f994-12ea-4450-840e-faed94dbf4e2"
"Cranbrook Jr Bucks","Cranbrook","BC","CA","WKMHA","association","1ca7606b-4b09-4fbe-9a6f-4f4bbc10ce66"
"Cranford Hockey Club","Roselle","NJ","US","EJEPL","association","4c499b95-a2ff-4801-8f02-41c843c1bcf2"
"Crawford County Flames","Meadville","PA","US","PAHL","association","214022e8-18dc-492d-af9c-8ea471ac43fc"
"Credit River Capitals","Brampton","ON","CA","OMHA","association","3e6de25e-91ed-476e-887d-d2bad68d6835"
"Cree Nation Bears","Waswanipi","QC","CA","Abitibi","association","e55aeda3-8ae8-4a02-a5e2-76a1bfaf8eb0"
"Cremona Cowboys","Cremona","AB","CA","CAHL","association","573b1d71-fa6b-4db8-868c-e15ce857286a"
"Creston Valley","Creston","BC","CA","EKL","association","988723ff-9fd9-4bb9-a9e9-63b1c308781d"
"Crimson HC","Stoughton","MA","US","PHL","association","abe219c7-d220-4933-86f4-27d0395108aa"
"Crimson Pride","Stoughton","MA","US","NEGHL","association","99e25f90-0245-4432-9edc-9332344193eb"
"Cristeros Hockey Club","Coeur d'Alene","ID","US","IAHA","association","f731deb2-4e81-4dad-9bae-c6728c1153d5"
"Crookston Pirates","Crookston","MN","US","MN16","association","2970e3c5-a6d5-4d63-b1e6-c6089015510b"
"Crosby Comets","Crosby","ND","US","NDAHA","association","c34f42af-3a05-466f-b2f3-50dc1f912f03"
"Cross Lake Islanders","Cross Lake","MB","CA","Norman","association","c88d2cc7-6e0c-48b1-979d-ee005d3a44ea"
"Crossfield Ice Hawks","Crossfield","AB","CA","CAHL","association","f048f1ad-96e4-41ab-96d8-f1c7f99cf772"
"Crowsnest Pass Thunder","Coleman","AB","CA","CAHL","association","14343efe-3624-4064-9033-d0c8e7670f28"
"Crystal Lake Yellowjackets","Crystal Lake","IL","US","CSDHL","association","2d244a15-d5fa-4452-890b-75014cfae892"
"CSB Hawks","South Burlington","VT","US","VSAHA","association","35633e7a-d1e7-46e9-a9dd-923823fc2653"
"CSRA Royaux","St Augustin","QC","CA","Rive-Nord","association","72c4acd9-e649-4774-917f-cf161b963dc4"
"Cudworth Stars","Cudworth","SK","CA","SVMHL","association","9352ef12-30f0-4434-92b0-a057ef0f688f"
"Culver Academies","Culver","IN","US","PHC","association","67f4d9dc-7c74-4347-b68a-7d4d94a7847b"
"Cumberland Islanders","Cumberland","WI","US","WAHA","association","a8f44936-d7c3-43b6-841c-c2c46062eae5"
"Cumberland Jr Grads","Cumberland","ON","CA","HEO","association","2cb4dd6e-bdcf-4a7e-ae33-58b0760bbf3c"
"Cumberland Ramblers","Amherst","NS","CA","NCHL","association","c53d9c98-453c-491c-b654-9994c3724c9a"
"Cupar Canucks","Cupar","SK","CA","Mainline","association","9185cf94-cc45-4a1e-9fe0-14aa5f045609"
"Cure Mercure Ecole","Mont Tremblant","QC","CA","RSEQ","association","b684c372-680a-4059-8087-8b3fa353a2c0"
"Current River Comets","Thunder Bay","ON","CA","HNO","association","4ab70c2a-8542-4d69-ae01-a88a5ecde413"
"Cutting Edge King Cobras","Elmwood Park","NJ","US","NJYHL","association","298f497a-c679-4dc6-9063-152ec103a44a"
"Dallas Penguins","Plano","TX","US","THL","association","6be738fe-99c6-456e-b467-7b385e80048b"
"Dallas Stars Elite","Dallas","TX","US","NGHL","association","617a270f-570b-4e2e-afc5-30f1bb344362"
"Dalmeny Sabres","Dalmeny","SK","CA","SVMHL","association","0bd273be-58d4-4e6a-88e1-1c1d2bb1f0a8"
"Danbury Jr Hat Tricks","Danbury","CT","US","AYHL","association","b46113bd-eb1b-4685-8c8f-3fa51fe2b562"
"Danvers Falcons","Danvers","MA","US","MYCGL","association","39a5a06a-840f-47a1-9ac6-ba6e2e998af5"
"Danville Freeze","Danville","IL","US","Independent","association","e3899cd0-fc0b-4757-a08e-0eee1927c0af"
"Darien Youth","Darien","CT","US","AHF","association","5805a02a-c5e2-4aff-8ab5-b6199eebcb10"
"Dartmouth Whalers","Dartmouth","NS","CA","CMHF","association","9d418856-6df4-4c96-a0cf-49bbce1a2f5f"
"Dauphin Kings","Dauphin","MB","CA","Parkissimo","association","6ce7b9eb-b663-4490-882f-7dbc23484b71"
"Daveluyville Eagles","Daveluyville","QC","CA","Estrie","association","7baad6e7-614c-4d08-9732-a118d5aff705"
"Davidson Huskies","Davidson","SK","CA","ECMHL","association","01f839c3-0064-4ad2-8cad-8ef3283f9abc"
"Davis County Wind","Bountiful","UT","US","UAHL","association","10ae82bd-d093-416d-af7e-7fa3d185ac27"
"Dawson Creek Canucks","Dawson Creek","BC","CA","APHL","association","5de8ffae-7662-471a-ae97-fa7e2f65b918"
"Dayton Icehounds","Dayton","OH","US","BTHL","association","04cfdc8d-4872-4ef3-bbe4-6a4e9ba14fca"
"Dayton Stealth","Dayton","OH","US","BTHL","association","ad9ba7f9-6ba0-42ec-b420-9f3cf986ac5b"
"DC Titans","Washington","DC","US","CCHL","association","eaaaefa8-299e-4c3c-b3ef-51ac19a3cd08"
"De Pere Voyageurs","De Pere","WI","US","WAHA","association","d575a1e6-06dd-4e95-af5f-5b0a2f304152"
"Dearborn Mustangs","Dearborn","MI","US","LCAHL","association","3e045654-083b-41c8-b8f5-52a209138630"
"Debden Jets","Debden","SK","CA","STEP","association","906263b3-b981-4423-a42e-2f1164051a08"
"Decatur Flames","Decatur","IL","US","MoAm","association","a29170ab-8d46-40e9-949b-2428ac79d337"
"Dedham 67's","Dedham","MA","US","MYCGL","association","618e4718-ef1b-42f3-9813-6ee29ffb3391"
"Deep River Knights","Deep River","ON","CA","UOVMHL","association","3a8bf897-8639-4280-93ab-401f1da6d92f"
"Deer Lake Red Wings","Deer Lake","NL","CA","Independent","association","f84d4993-cdbb-411d-9ecd-261119a26a5e"
"Delano Tigers","Delano","MN","US","MN03","association","d4fb0d14-cbc4-4035-b560-b63ad909c5f8"
"Delaware Ducks","Newark","DE","US","AHF","association","61deccc4-e0b3-4711-9888-2741af7bdcb6"
"Delaware Jr Blue Hens","Newark","DE","US","DVHL","association","a9f017fa-e361-4629-b947-8d5047a94279"
"Delburne Outlaws","Delburne","AB","CA","CAHL","association","e7977ea4-4c6a-4108-8c45-bb557a0646e8"
"Delco Phantoms","Aston","PA","US","DVHL","association","e1c0008a-445e-480d-b447-b9315086a83f"
"Delhi Norwich 59ers","Delhi","ON","CA","OMHA","association","709391fa-5272-4a97-be32-5c851508db3e"
"Delisle Bruins","Delisle","SK","CA","SaskFHL","association","80796e01-5ce7-402f-9a38-61746298a17e"
"Delmarva Raptors","Harrington","DE","US","DVHL","association","08591cad-6d78-48d4-a27c-58913fa551a5"
"Deloraine Royals","Deloraine","MB","CA","SWRHL","association","8ae526a1-f7c1-4c8c-81d0-ce98a2764e32"
"Delson Senators","Delson","QC","CA","LHER","association","2537a597-304a-49c5-a5e5-1ff52e01b805"
"Delta Hockey Academy","Delta","BC","CA","CSSHL","academy","bb88accc-a4be-4061-b9fe-4eb287ade92e"
"Delta Huskies","Delta Junction","AK","US","ASHA","association","a06f5d49-017f-4f1e-93c3-09d3c368fc9d"
"Denver CC","Denver","CO","US","Independent","association","bdc23ebf-3ea1-4f6e-a064-a75fd0e27ff5"
"Denver U Jr Pioneers","Denver","CO","US","CAHA-CO","association","603c801f-8af9-4986-a09e-29ee444ed916"
"Des Moines Jr Bucs","Des Moines","IA","US","MwHL","association","4defc05e-ef3e-4ad9-8038-71b85c57ed9d"
"Des Monts Montagnards","Sainte-Agathe-des-Monts","QC","CA","LH3L","association","2ecb1be8-26f0-4db4-953a-35738519b8b3"
"Deseronto Bulldogs","Deseronto","ON","CA","OMHA","association","49f15aad-3aee-4ab2-b8d2-15b44544f4eb"
"Detroit Bulldogs","Detroit","MI","US","Adray","association","c79451dd-1e51-4d84-8071-571a48822e1f"
"Detroit Jimmy Johns","Redford Township","MI","US","LCAHL","association","61426caf-f749-46b9-beb1-d1a8d26e0497"
"Detroit Lakes Lakers","Detroit Lakes","MN","US","MN15","association","db26224f-4837-4eeb-85ab-9c6aefd11dea"
"Deux-Rives Ecole","Saint-Georges","QC","CA","RSEQ","association","dc1c7792-0cf2-4296-9570-b920bf319a08"
"Devils Lake Flames","Devils Lake","ND","US","NDAHA","association","1cd895d3-da4e-4ddc-9bf1-46710f7175c1"
"Devon Drillers","Devon","AB","CA","EFHL","association","210ac7b4-0b03-4e8d-92da-65c19d96c3a2"
"Dickinson Outlaws","Dickinson","ND","US","NDAHA","association","8c0e26c3-18d1-4f44-8d10-4976f23ea1ec"
"Didsbury Ramblers","Didsbury","AB","CA","CAHL","association","348464b4-5ae1-45d6-b43d-b81d81f402c5"
"Dieppe/Memramcook Eagles","Dieppe","NB","CA","NBCBHL","association","e94d44d3-e497-4d2d-ba9a-7f9b630d4be9"
"DinoMights","Minneapolis","MN","US","MN01","association","abf1d6ef-3015-42a9-9818-00ba03a13346"
"Dinsmore Dynamos","Dinsmore","SK","CA","HW14","association","63d4296e-ae4c-45fc-8ca2-b7fbd406c7cc"
"Discovery Ecole","St Leonard d'Aston","QC","CA","RSEQ","association","16eb3601-5fb3-496e-939d-d02f1283ced5"
"Dix Hills Hawks","Dix Hills","NY","US","HVHL","association","615ad31e-a4e1-4f60-99f0-4c0e3c00f19b"
"DME Swamp Rabbits","Daytona Beach","FL","US","SFHL","association","077d6961-0084-4cdc-ae29-0b29146464c1"
"Dodge County Wildcats","Kasson","MN","US","MN09","association","f506280c-8851-43f6-b73f-1794f439e76b"
"Dodgeville Ice Wolves","Dodgeville","WI","US","WAHA","association","6bd07db3-9803-4c0e-9d8f-972f9f6019ff"
"Dodsland Stars","Dodsland","SK","CA","HW14","association","571ea5e5-e2bf-4807-ae02-2539a6bee650"
"Dolbeau Mistassini Rapides","Mistassini","QC","CA","SLJ","association","639e855c-12bd-4c6e-aa6a-aaa275c53867"
"Dollard des Ormeaux Vipers","Dollard des Ormeaux","QC","CA","LHGM","association","05301bb9-c437-4ba6-b896-7cf4418e4b65"
"Don Mills Flyers","North York","ON","CA","GTHL","association","c07581d4-dc9a-4fd9-b449-52da0bda9762"
"Dorchester Chiefs","Dorchester","MA","US","MYCGL","association","1420787e-a45d-4f2b-bed5-89c64331b4e7"
"Dorchester Dragons","Dorchester","ON","CA","OMHA","association","ab9d37b0-e54a-4b48-965c-7f6658895d45"
"Douglas Ice Cats","Douglas","WY","US","WAHL","association","444970ac-5fce-4329-b56c-43c8a2ccd692"
"Douro Dukes","Douro","ON","CA","EOMHL","association","07df33b7-6c1c-4c26-9f05-b7c5b46a7229"
"Downriver Otters","Southgate","MI","US","LCAHL","association","fe6c7af7-37ea-4672-be27-2ff48391da15"
"DPR Diablos","Pont Rouge","QC","CA","Rive-Nord","association","66b303f1-c8ef-446b-86f4-68604945a6c8"
"Drake Canucks","Drake","SK","CA","ECMHL","association","671b353b-4767-4be0-aa15-fcca35417d40"
"Drayton Defenders","Drayton","ON","CA","OMHA","association","db51100d-13ff-4118-8237-4c693408b393"
"Drayton Valley Stars","Drayton Valley","AB","CA","NEAHL","association","60b9d376-cb0b-4fee-b465-43180e4c12c8"
"Dresden Jr Kings","Dresden","ON","CA","OMHA","association","83880406-fedd-4d3a-b153-df99ca6bc0d9"
"Drumheller Raptors","Drumheller","AB","CA","CAHL","association","8b0a30b2-c5bc-4d62-8be4-ed2ce1bff11c"
"Drummondville Voltigeurs","Drummondville","QC","CA","Estrie","association","812ee396-e335-48c6-963a-07aafc95815b"
"Dryden Paperkings","Dryden","ON","CA","HNO","association","605c5ebb-a5ae-40f2-9c12-f6f8e2d7ce09"
"Dubreuilville Bobcats","Dubreuilville","ON","CA","NOHA","association","a872d792-e3c5-4670-87a0-1285f060c688"
"Dubuque Jr Saints","Dubuque","IA","US","MwHL","association","bc4a3d4f-c952-485b-a94b-f8616cbed362"
"Duchess Storm","Duchess","AB","CA","CAHL","association","4edd8cb9-a43f-4835-acf4-241819f63483"
"Duffield Devils","North York","ON","CA","GTHL","association","9aa383f1-e20c-46f6-ac4d-b7299aad2fc0"
"Duluth Denfeld Hunters","Duluth","MN","US","MN11","association","a0cb29ac-47e4-4e11-87b0-79cd7e83111c"
"Duluth East Greyhounds","Duluth","MN","US","MN11","association","d9b14f0e-43f3-49fd-9b1e-4bfde4ecb124"
"Duluth Icebreakers","Duluth","MN","US","MN11","association","53c38750-6e73-4236-b660-93917a13296c"
"Dundalk Storm","Dundalk","ON","CA","MOMHL","association","9c3bbd54-e1fb-4e41-99ca-0f079b354c92"
"Dundas Blues","Dundas","ON","CA","OMHA","association","058813dd-5a92-480d-b411-23e8a928ee6d"
"Dundurn Arctic Wolves","Dundurn","SK","CA","SVMHL","association","9add8c80-ccbc-4bf9-bb3b-004e5779c1a1"
"Dunnville Mudcats","Dunnville","ON","CA","NDHL","association","7b625209-dadf-4b64-bd9a-292b9f4b9841"
"DuPage Black Bears","Glen Ellyn","IL","US","CSDHL","association","cfe5579d-cb4a-41da-bb9e-41557c9ea323"
"Durango Ice Devils","Durango","CO","US","CAHA-CO","association","7a4e9b97-1e2b-46ce-b3c4-99d91bc014d9"
"Durham Crusaders","Oshawa","ON","CA","EOMHL","association","e7c824b2-d91b-420c-8115-246e38357d23"
"Durham West Lightning","Pickering","ON","CA","OWHA","association","f82d32d9-ae1b-4f36-b085-5178ac8a3d01"
"Duxbury Dragons","Duxbury","MA","US","BSHL","association","9e02c7b5-2e12-4428-a119-048e0efb12dd"
"Eagan Wildcats","Eagan","MN","US","MN08","association","a796c2d1-a3a5-4126-92e6-bb1d74168436"
"Eagan/IGH SpartaCats","Eagan","MN","US","MN08","association","00997be8-1b40-4822-b57c-fc08c7a17865"
"Eagle River Eagles","Eagle River","WI","US","WAHA","association","42d2dc94-20fa-4ee4-9857-4ed7e69d7d75"
"Ear Falls Eagles","Ear Falls","ON","CA","HNO","association","4c2e79a8-4449-4ba0-a5b1-9896002f021c"
"East Aurora Beast","East Aurora","NY","US","WNYAHL","association","dff5a3c5-b77b-42bb-af05-133bf5e3e8b0"
"East Coast Express","Saint John","NB","CA","Independent","association","5cd8941a-97e6-4bbb-8f51-ca616d0c1bb7"
"East Coast Militia","Braintree","MA","US","BEAST","association","bc6cc622-bbf1-48f0-bf12-54ac02c43117"
"East Coast Thunder","Hyannis","MA","US","PHL","association","c0f7c5df-7082-4c79-9e4e-31bedf93d4f1"
"East Coast Valkyries","Lawrenceville","NJ","US","MAWHA","association","a3ea0ab8-6c06-44f5-aee4-1236146ed76c"
"East Coast Wizards","Bedford","MA","US","E9HL","association","c6dcdbb7-ebe1-4e05-b0c4-a511489622c9"
"East Enders Ticats","Toronto","ON","CA","GTHL","association","6c0edbfc-fc9d-4ede-b1ac-f81c625341dd"
"East Grand Forks","East Grand Forks","MN","US","MN16","association","e2e78872-6ba5-4fe8-93e0-469c6960e4a9"
"East Gwillimbury Eagles","Sharon","ON","CA","OMHA","association","005932d4-e52a-41ad-9542-34365e672550"
"East Hants Penguins","Lantz","NS","CA","CMHF","association","91077680-543b-4bcf-9cc4-b8f714330cb0"
"East Haven Yellowjackets","East Haven","CT","US","CHC","association","7e7ae7cd-d955-455c-ac5b-f90966f54ce5"
"East Lambton Eagles","Watford","ON","CA","OMHA","association","b41a3ba1-fbb1-440d-aa2b-23720387b7ae"
"East Metro Stars","Oakdale","MN","US","MN02","association","9cdd9ada-84a2-4dd6-a0e0-598221e1da45"
"East Nipissing Vipers","Astorville","ON","CA","NDHL-N","association","d095b5fa-7456-4822-aa0e-773d1d1ab070"
"East Ottawa Stars","Orleans","ON","CA","OWHL-E","association","679bbf4d-4b27-4251-8408-771d010aba9f"
"East Smoky Rustlers","Crooked Creek","AB","CA","APHL","association","8982d75a-c2b9-4d91-9edd-5ade521bc0ce"
"East Wheatland Coyotes","Standard","AB","CA","CAHL","association","cff731b5-e777-410f-968f-0a24b75dc386"
"East York Bulldogs","Toronto","ON","CA","NYHL","association","f969c6b0-f7b2-4e60-9cab-058c094071d5"
"Eastend Jets","Eastend","SK","CA","SSHL","association","ee540099-65f2-4fca-918d-b6a42493d30e"
"Eastern Mass Senators","Woburn","MA","US","PHL","association","4db0ef43-97c8-4b0f-b0e3-e003a9aaa471"
"Eastern Ontario Cobras","Casselman","ON","CA","HEO","association","6d15f2ce-a0b4-475e-ade0-d1c0210d4850"
"Eastern Ontario Wild","Casselman","ON","CA","HEO","association","228f32fb-4265-4c1e-9aa1-d0abfd4fba06"
"Eastern Quebec Albatross","Riviere-du-Loup","QC","CA","LHEQ","association","4647ae5e-ff07-4085-b434-5b017bb9049d"
"Eastern Shore Mariners","Musquodoboit Harbour","NS","CA","CMHF","association","c4e5dd48-b6b7-4b6c-85b2-962a663e3976"
"Eastman Selects","Oakbank","MB","CA","MMHL","association","4a4433d1-0f87-43fc-97db-3f1511ba84a4"
"Easton Ice Hawks","Easton","MD","US","CBHL","association","31710b17-dac9-41ee-976f-9bf9f2c27b3e"
"Eastside Tigers","Cleveland Heights","OH","US","CSHL","association","dbc9acf0-ef33-4db9-8aa1-2447b375e70f"
"Eastview Lightning","Apple Valley","MN","US","MN08","association","8ef6f61c-ca3e-484e-9246-9f72928e9cce"
"Eatonia","Eatonia","SK","CA","HW14","association","83598eee-50a2-4200-9156-e7cbd2b85331"
"Eau Claire Mustangs","Eau Claire","WI","US","WAHA","association","31a69d98-0879-4673-977b-4166559009e8"
"ECHO Stars","Bolton","CT","US","CHC","association","e1f98f9c-d418-48eb-a8a5-ec792bda3ed8"
"Eckville Eagles","Eckville","AB","CA","CAHL","association","37d58367-b6b3-4003-9339-5934e9a4ab76"
"Edam Three Stars","Edam","SK","CA","HW14","association","d914c15f-7791-457d-bec1-e993480e3f4e"
"Eden Prairie Eagles","Eden Prairie","MN","US","MN06","association","9f5813a2-00d2-4cd8-8816-215f02ecc02b"
"Edgcumbe","St Paul","MN","US","MN01","association","50b79edb-3552-4f92-8460-09378a124b96"
"Edgerton","Edgerton","AB","CA","NEAHL","association","b6d6b990-9076-4202-b42f-3e062ef8e671"
"Edina Hornets","Edina","MN","US","MN06","association","f5ec0c9d-3482-4221-bd9c-5d962d4f908a"
"Edmonton Brave Raiders","Edmonton","AB","CA","EFHL","association","aa45bdd2-f63c-4a45-9b7e-484abbaee157"
"Edmonton CAC","Edmonton","AB","CA","AEHL","association","e39179c9-317e-45bd-9018-9c17fe25a4b5"
"Edmonton Girls","Edmonton","AB","CA","AFHL","association","bb147b29-60e7-4cd9-b3e9-2d1d50c6cdbe"
"Edmonton Hawks","Edmonton","AB","CA","EFHL","association","b58b9d25-8760-474c-9084-203ddf1eadbd"
"Edmonton Ice","Edmonton","AB","CA","AFHL","association","aca53f40-9b6a-440c-a6c4-5c85fe907f9a"
"Edmonton KC","Edmonton","AB","CA","AEHL","association","2804745f-d9c1-4a49-be0e-47f60518a636"
"Edmonton MLAC","Edmonton","AB","CA","AEHL","association","d06ef033-8ac3-4387-a7cb-e511876da7b9"
"Edmonton NEZ Eagles","Edmonton","AB","CA","EFHL","association","5861b53d-09b4-44fe-a4cf-83d54dfe66b1"
"Edmonton Northstars","Edmonton","AB","CA","EFHL","association","673fce7e-909d-4e3e-9319-c825a6f6cf76"
"Edmonton SSAC","Edmonton","AB","CA","AEHL","association","3ea4f291-47bf-46c8-9fe2-ea0ba45550b0"
"Edmundston Blizzard","Edmundston","NB","CA","NBD1&2","association","bd976eda-a796-4146-b3de-aa470fffec8c"
"Edouard Montpetit Ecole","Montreal","QC","CA","RSEQ","association","8a29f661-453a-4811-8a2a-a45ef6b6db2b"
"Edson Sabres","Edson","AB","CA","NEAHL","association","aae0adb0-d9c4-4eee-912b-b8d2b6fa5110"
"EHL Northstars","Montreal West","QC","CA","LHGM","association","318066f2-6b2f-40ab-a2b0-f5039c888f0b"
"El Paso Rhinos","El Paso","TX","US","Independent","association","39a5217b-6f26-4e2e-8487-d3d26695aed8"
"Elgin Middlesex Canucks","Komoka","ON","CA","OMHA","association","42a42622-e2f6-4f49-a7e1-996d5dee8177"
"Elgin Thames 73s","Aylmer","ON","CA","OMHA","association","70127483-a8c7-4394-8cf6-6dbe4dfa9b67"
"Elk Island Wild","Bruderheim","AB","CA","NEAHL","association","49d28b4d-9a98-417a-94fd-0474605f173c"
"Elk Point Avalanche","Elk Point","AB","CA","NEAHL","association","64153011-bcb2-44ca-9f33-a537ee36119f"
"Elk River Elks","Elk River","MN","US","MN10","association","c3c4d7f0-5e12-4cba-a620-8832b3c3fc04"
"Elk Valley Wild","Sparwood","BC","CA","EKL","association","7c465f79-2f34-4c1e-b42f-6b94e55ffdad"
"Elkhorn Canadians","Elkhorn","MB","CA","Parkissimo","association","dea5e27a-dac0-494c-9fa1-d368650c10ba"
"Elliot Lake","Elliot Lake","ON","CA","NDMHL","association","106d3927-bd20-4c53-b358-bdd92b5c850b"
"Elm Creek Lightning","Elm Creek","MB","CA","PVMHA","association","ff4aeaf6-2908-45f6-a090-68c12a48d34d"
"Elmbrook Eagles","Brookfield","WI","US","WAHA","association","1640c3a5-6f9b-4ce8-84eb-bdfa9a66832e"
"Elmhurst Chiefs","Elmhurst","IL","US","MSGH","association","bd5aaf61-634b-49cd-abf1-dd215d8e457e"
"Elmira Jr Aviators","Elmira","NY","US","CNY","association","b5bc95f3-0549-4615-832d-8ede5eaf605e"
"Elmvale Coyotes","Elmvale","ON","CA","MOMHL","association","717c80ac-fa37-4feb-b27b-8e28a9c0dfa9"
"Elrose Aces","Elrose","SK","CA","HW14","association","7501b948-8b8e-409b-9867-cbb3b8c5d13b"
"Ely Timberwolves","Ely","MN","US","MN12","association","eb3a74c7-bf3e-4948-b122-7c8462934eb5"
"Elyria Panthers","Elyria","OH","US","CSHL","association","b6f598cc-732c-419f-a33a-4bc6b2e876c0"
"Embro Edge","Embro","ON","CA","OMHA","association","adb86568-7608-4541-897a-f974f3a9d1af"
"Emo Express","Emo","ON","CA","HNO","association","54cc59da-0cc8-4dcd-852f-8fce831ea849"
"Enfield Eagles","Enfield","CT","US","CHC","association","0c405d68-b585-41ba-9446-dd1ed71bd6d3"
"Englehart Express","Englehart","ON","CA","NDHL-N","association","584b7a09-fa62-47b1-aee4-f14e9c0d3058"
"Ennismore Eagles","Ennismore","ON","CA","EOMHL","association","be20a481-b8b8-494c-bbe4-fd042d65bd35"
"Ennismore Eagles","Ennismore","ON","CA","OWHA","association","008e3092-0e8c-497e-9ce1-0281d8d4e9b5"
"Enoch Cree","Edmonton","AB","CA","EFHL","association","bf9c4abd-a8fe-4788-b830-060809b734b7"
"EOS Wildcats","Erickson","MB","CA","Parkissimo","association","592564f8-ac67-4952-ae76-313fcef350b9"
"Erie Jr Otters","Erie","PA","US","PAHL","association","f83d08c4-5472-4d0b-9351-3edb8d0a6f0e"
"Erin Hillsburgh Devils","Erin","ON","CA","OMHA","association","2f143f50-40b6-45e5-bf4c-d671be8730b8"
"Erindale Spitfires","Mississauga","ON","CA","MHL","association","f40d699c-faa7-4615-bb65-2b68dc835e22"
"Escanaba Hawks","Escanaba","MI","US","CUP","association","02ad15f9-f7e3-4d10-a826-ae9eae1add5b"
"Espanola Eagles","Espanola","ON","CA","NOHA","association","a9dc9cf0-630e-4815-b011-138ac20c5504"
"Essa Eagles","Angus","ON","CA","MOMHL","association","0a9df38d-5b7a-4384-b383-199694b25a4d"
"Essex Ravens","Essex","ON","CA","OMHA","association","2d69e994-cb98-4330-a5e9-5f7dadc6c85f"
"Essex Sting","Essex Junction","VT","US","VSAHA","association","85059c36-1772-46d3-8143-145e5d6eadb7"
"Estacades Academie","Trois-Rivieres","QC","CA","RSEQ","association","76868f4a-79d8-447b-abf1-8152ea34c921"
"Esterhazy Flyers","Esterhazy","SK","CA","MHL-SK","association","a61da2fb-cee4-4562-adb7-21a73a594c2e"
"Estevan Bruins","Estevan","SK","CA","MMMHL","association","7bbd8934-e0aa-4bf1-9d48-a42709f090ce"
"Esther Blondin College","Saint Jaques","QC","CA","RSEQ","academy","5f03a706-8653-4460-99c8-e2f3a90defbf"
"Eston Ramblers","Eston","SK","CA","HW14","association","6a714d63-441b-4f39-98f2-ce2ef900e4f9"
"Etobicoke Bulldogs","Etobicoke","ON","CA","NYHL","association","c40c0cdc-d9e7-4e8d-995d-2ee1bf025cd4"
"Etobicoke Dolphins","Etobicoke","ON","CA","OWHA","association","b8da0470-4320-43aa-8e25-147b386f9e18"
"Eugene Jr Generals","Eugene","OR","US","Independent","association","700f48f3-fa8c-4ad0-a4fe-0d15d5ed6a13"
"Evangeline Flyers","Abrams Village","PE","CA","HPEI","association","adafa06d-65d9-4f07-96ac-fba2d5d5b74a"
"Evanston Wildkits","Evanston","IL","US","NSYHL","association","f7d09cd8-59f2-4c1d-8e7b-2ac3506065d7"
"Evansville Thunder","Evansville","IN","US","SYTHL","association","e22485ec-c913-4e3e-abc3-23ff31ce0b82"
"Everest Evergreens","Rothschild","WI","US","WAHA","association","59cfff92-6391-4370-bc24-ac2726d5917b"
"Everett Jr Silvertips","Everett","WA","US","Metro","association","2e9b26eb-03b5-466c-8415-a93a37342b84"
"Everett/Revere Jr Patriots","Revere","MA","US","VHL","association","82e0e8ff-f0b2-4277-bded-fda99c8dff55"
"Exton Kings","Exton","PA","US","DVHL","association","33164d60-5a6b-4a2e-8f95-0823195bd48e"
"Exton Mighty Moose","Exton","PA","US","MAWHA","association","8de383bc-d41b-4158-9265-fac9f32d216d"
"Fadette Ecole Vert & Noir","Saint Hyacinthe","QC","CA","LHEQ","association","a74129c7-f614-433b-877c-9ddcd7f6d4f0"
"Fairbanks Arctic Lions","Fairbanks","AK","US","ASHA","association","122381f9-24d6-4ff1-ba66-bc7ff8efc0f7"
"Fairbanks Hockey Club","Fairbanks","AK","US","ASHA","association","8a7cbc07-27f2-412e-be3a-00fdd974f600"
"Fairmont Cardinals","Fairmont","MN","US","MN04","association","7f89bfb6-97cd-4e1d-bf74-fe0877ba4d5b"
"Fairview Falcons","Fairview","AB","CA","APHL","association","3fee51c6-4690-4231-9dd0-3a0bf7430468"
"Falmouth Clippers","Falmouth","MA","US","SSC","association","e3f9a67c-fb7c-40e3-abbe-5121847ae4af"
"Fargo Angels","Fargo","ND","US","NDAHA","association","51d019be-eb99-44d1-b0f8-fa6471036dbc"
"Fargo Freeze","Fargo","ND","US","NDAHA","association","c6064fbe-e429-4637-9c67-c6ee7211a8f9"
"Faribault Falcons","Faribault","MN","US","MN09","association","cdd48c33-2bce-4a67-9d74-250d38fb5fb0"
"Farmington Hills Little Caesars","Farmington Hills","MI","US","LCAHL","association","0ae8fdae-e50b-4cff-b684-bdacc5dc42b4"
"Farmington Tigers","Farmington","MN","US","MN08","association","a74de63d-ddc0-459f-bb9a-f41054f7b648"
"Farnham Desjardins","Farnham","QC","CA","Estrie","association","2f1fcfe1-a2e4-4e4d-8394-2e99bb62d7dd"
"Faustina Fury","Etobicoke","ON","CA","NYHL","association","9fe4c6c4-920f-4997-af9a-3b10b6257962"
"Faustina Toros","York","ON","CA","GTHL","association","e7bccc9b-9bca-40bc-9630-feab1a505e80"
"Fergus Falls Otters","Fergus Falls","MN","US","MN15","association","d0ea0405-0250-4687-bd64-1c0e2e37b21e"
"Fermont Blizzard","Fermont","QC","CA","CTN","association","1da22eaf-d2c4-4aa9-b889-455f6ea24b4c"
"Fernie Jr Ghostriders","Fernie","BC","CA","EKL","association","d57f8296-fe8e-41ee-8ba8-6cc36c9c3256"
"Filon CSOB","Malartic","QC","CA","RSEQ","association","07325869-0b08-4156-83f0-6a612be2b032"
"Findlay Jr Trojans","Findlay","OH","US","BTHL","association","3d630eeb-5299-4b12-8ebe-d6e40b2e0237"
"Fisher Branch","Fisher Branch","MB","CA","IMH","association","0babffab-5c3b-45e4-883c-89a1c4707534"
"Fisher River Hawks","Fisher River","MB","CA","IMH","association","969957da-6cc2-435c-9e33-926715929f0d"
"Fitchburg Jr Falcons","Fitchburg","MA","US","VHL","association","fa3cc313-c9ec-44a2-a082-d9e7327c4e8d"
"Flagstaff Northstars","Flagstaff","AZ","US","AZYHL","association","059bec4d-d0d9-4d12-b78f-a2486b3fc725"
"Flamborough Falcons","Flamborough","ON","CA","OWHA","association","cf0e31c6-c6ef-41ca-ace9-3edd19d4cb98"
"Flamborough Sabres","Flamborough","ON","CA","OMHA","association","3546247a-647e-4bee-929a-2d84b3f95c83"
"Flathead Valley Flames","Kalispell","MT","US","TSL","association","a35a5d04-964d-4a7c-8a4e-c979283a2e8b"
"Flin Flon Bombers","Flin Flon","MB","CA","Norman","association","be5bec03-44c9-414a-8c68-8f1032e44431"
"Flint Ice Raiders","Flint","MI","US","LCAHL","association","fc308ce0-75a6-49d7-8d69-5bc2ec2013ab"
"Flint Jr Firebirds","Flint","MI","US","LCAHL","association","254a4e06-2347-4639-993b-74d626c83e90"
"Florida Alliance","Estero","FL","US","NGHL","association","429ae1af-8c61-47f0-8431-48a40c2fd8da"
"Florida Attack","Oldsmar","FL","US","Independent","association","23d21c9e-cce8-4c9b-93cd-db83c23880fd"
"Florida Bulldogs","Kissimmee","FL","US","SFHL","association","1da77105-3f84-4ee9-8b3d-67937bbc01e2"
"Florida Fury","Lighthouse Point","FL","US","SFHL","association","6b9fe460-5fd3-436b-b85e-2bc2a1de9c19"
"Florida Jr Everblades","Estero","FL","US","SFHL","association","2f47cb2c-0598-4e1d-a9fa-1ab1b0a91248"
"Florida Jr Panthers","Coral Springs","FL","US","SFHL","association","0a0dd570-4c1e-4748-9e0b-0f98a64517fc"
"Florida Kings","Delray Beach","FL","US","SFHL","association","c1ba74d9-c0db-4baa-93c7-093fe2e33d99"
"Florida Surf","Palm Beach","FL","US","Independent","association","6505d577-4105-44c3-bc3a-2164aa8ca0f7"
"Florida Warriors","Fort Myers","FL","US","SFHL","association","fd91992f-e9dc-4d3d-80cf-73f63fd7026e"
"Flyers Youth","Voorhees","NJ","US","DVHL","association","f41ff395-bb3e-4fc1-85b6-ab59b77a1b50"
"Foam Lake Flyers","Foam Lake","SK","CA","ECMHL","association","051bf6b1-af48-429b-9531-b7789e361569"
"Fogo Island Hawks","Fogo Island Central","NL","CA","Independent","association","2066dc92-714e-4fa3-8f6f-9d0f8077d227"
"Fond du Lac Thunder","Fond du Lac","WI","US","WAHA","association","92d84f3d-5932-4066-83d5-417702ad5c4a"
"Foothills Bisons","High River","AB","CA","AEHL","association","552a37b1-f056-4c76-9de0-6862426b7e3f"
"Foothills Flyers","Littleton","CO","US","CAHA-CO","association","a84d04cc-d834-4fae-bc9f-db41a08baf47"
"Foothills Flyers (AB)","High River","AB","CA","CAHL","association","6553e9c2-b057-4cb5-97cc-4a8fcc29ed0f"
"Foremost Flyers","Foremost","AB","CA","CAHL","association","d936ae81-0787-4164-b932-6c89ab5ddda4"
"Forest Hill Force","Toronto","ON","CA","GTHL","association","bfb64ab7-685c-4fb8-966e-b2340c7217c6"
"Forest Lake Rangers","Forest Lake","MN","US","MN02","association","2e4ec4a0-c7c2-4d44-88ff-6981d88b6029"
"Forillon Predateurs","Gaspe","QC","CA","BSL","association","8449dbd7-dddc-44a3-8648-6a3a009eb88a"
"Fort Erie International Falcons","Fort Erie","ON","CA","CSSHL","academy","221e95ba-e1be-4e2d-aa1a-06a6fa410555"
"Fort Erie Jr Meteors","Fort Erie","ON","CA","NDHL","association","19aab126-fce0-4776-8263-a732d3b34f9f"
"Fort Frances Canadians","Fort Frances","ON","CA","HNO","association","b898ab0b-cb41-42ec-b6a1-38aacd3b9565"
"Fort Frances Leafs","Fort Frances","ON","CA","Indep-G","association","7102064e-1618-4914-a070-e7c65f62a648"
"Fort Garry North Flyers","Winnipeg","MB","CA","WMHA","association","b681ec7a-ab88-4b0a-8013-fbde53f257b3"
"Fort Knox Gold Rush","Fort Qu'Appelle","SK","CA","Mainline","association","22cbbd1c-80cb-44d0-8049-bd2da46f8c28"
"Fort MacLeod Mavericks","Fort MacLeod","AB","CA","CAHL","association","0ac65fd9-7785-4b7f-9fb2-fe88c15fbe04"
"Fort McMurray Oil Barons","Fort McMurray","AB","CA","AEHL","association","4ca7b0c4-d14e-4005-a1f4-b432eb60c0ab"
"Fort Nelson","Fort Nelson","BC","CA","Independent","association","df0b8702-2e8e-4ef6-b8e2-d176debd0cc2"
"Fort Saskatchewan Rangers","Fort Saskatchewan","AB","CA","AEHL","association","bac8d692-5ea8-40dc-b263-bbb11394fd62"
"Fort St James Stars","Fort St James","BC","CA","NWD","association","0f02e6af-ba2d-42f0-bf4a-be060967bd77"
"Fort St John Jr Flyers","Fort St John","BC","CA","APHL","association","85fa62b6-8be0-4232-9e67-1f8901eacd44"
"Fort Wayne Force","Fort Wayne","IN","US","LCAHL","association","a3907d9c-5e19-461f-9518-7f868f59a75a"
"Fort William Canadiens","Thunder Bay","ON","CA","HNO","association","f1875203-4ea2-49be-80e7-f18c2977680a"
"Fort William Hurricanes","Thunder Bay","ON","CA","HNO","association","8fdf6788-0288-4724-9810-abc4d098721e"
"Fox Creek Bulldogs","Fox Creek","AB","CA","APHL","association","272f8fe8-2424-4cc4-929d-7ed704c7b06d"
"Fox Motors","Byron Center","MI","US","Adray","association","75fca0bc-088a-435b-8fb4-55287d1fad40"
"Fox Valley Blades","Neenah","WI","US","WAHA","association","c5d31fc1-c350-4e62-9f9b-c0c9aa58f04b"
"Fox Valley Blues","Fox Valley","SK","CA","SSHL","association","6fe3330c-f779-4ee0-b7ff-0a4f14142b50"
"Framingham Jr Flyers","Framingham","MA","US","MYCGL","association","5edca964-3e26-4073-b10a-39437a58ce32"
"Francais College","Longueuil","QC","CA","RSEQ","academy","0e9f5fbc-73cc-4b4b-9a3a-e0d53d320589"
"Franklin County","Greenfield","MA","US","GSL","association","15752d13-b977-4ad1-b9fc-1f3cf57a408d"
"Franklin Flyers","Franklin","MA","US","MYCGL","association","5f9a69af-7ff8-48e0-8baa-24d4644380e0"
"Franklin Park Panthers","Franklin Park","IL","US","NWHL","association","7429734b-fe3e-478e-a3d9-b1601e1067fe"
"Fraser Lake Hawks","Fraser Lake","BC","CA","NWD","association","31a2ef05-3574-456e-9f9e-8fdfd604a1eb"
"Fraser Valley Eagles","Fraser","CO","US","CAHA-CO","association","4c07d776-18f0-406f-bb48-87898bdb7196"
"Fraser Valley Thunderbirds","Abbotsford","BC","CA","BCEHL","association","d18f009f-7b50-4e51-a973-52ae82aa6df3"
"Frederick Freeze","Frederick","MD","US","AHF","association","6755ca58-1ee5-4f24-a7d1-2d865b962c10"
"Frederick Victory","Frederick","MD","US","CCHL","association","27fae16f-69ce-4827-b1f0-a7dac45ea943"
"Fredericton Canadiens","Fredericton","NB","CA","NBCMHL","association","89d229d4-fccf-462c-b49e-18e533e68553"
"Fredonia Steelers","Fredonia","NY","US","WNYAHL","association","c3b2a882-53d8-4d83-84af-d43d376ec396"
"Fremont Flyers","Fremont","NE","US","MwHL","association","1f083982-10a9-4951-886c-d99cd003ff36"
"Fremont Freeze","Riverton","WY","US","WAHL","association","db22bcc4-e57c-409c-9eab-5ee8dd8d7b13"
"Fremont Ice Wolves","Fremont","OH","US","CSHL","association","b8051d96-c7c5-47fc-91b9-3a34bfb3a860"
"Fresno Jr Monsters","Fresno","CA","US","CAHA","association","8d48e735-83dc-4647-898d-174e25779b56"
"Frog Lake Thunderbirds","Frog Lake","AB","CA","NEAHL","association","ffd1907d-6f52-451d-9ae3-a16fa6f58f3a"
"Frontenac Flyers","Frontenac","ON","CA","EOMHL","association","947d3b62-1d8e-449f-936e-99f354778cd3"
"Frontier Flyers","Frontier","SK","CA","SSHL","association","72a4fc79-2adf-4137-b510-464e016c12bd"
"Fulton Raiders","Fulton","NY","US","Snowbelt","association","70447744-50c1-4e31-b4a5-83cfd87f27a9"
"Fundy Highland Stars","Stellarton","NS","CA","NSFHL","association","276f0b1c-ec42-48d2-8cb7-5a0532650865"
"Fundy Kraken","Quispamsis","NB","CA","NBFAAAHL","association","d92e692a-9d45-41d5-8728-f79fff614aa7"
"Gananoque Islanders","Gananoque","ON","CA","EOMHL","association","0e08faae-7940-436c-86c2-5ff150561fa4"
"Gananoque Royals","Gananoque","ON","CA","OWHL-E","association","b996ab8c-f4d6-45b3-85bd-f2269d2c51b4"
"Gander Flyers","Gander","NL","CA","Independent","association","00ed96c6-eab3-401c-adbf-213d7413af84"
"Garden City Stars","Garden City","MI","US","LCAHL","association","ba40d0d2-8718-4524-af3a-eb41fc0d1b43"
"Garden Wolves","St Joseph","MI","US","Adray","association","7a32faf3-3e60-4239-9499-642c70df8e0d"
"Gatineau Ambassadors","Gatineau","QC","CA","LHRO","association","bccae296-f1e9-4562-b6e8-699258d8f04d"
"Gatineau Express","Gatineau","QC","CA","OWHL-E","association","d75f3f09-7ce6-4941-a880-ddf3c53736bc"
"Gaylord Jr Blue Devils","Gaylord","MI","US","Adray","association","1d2dcd27-d71f-4b0c-8bdc-6068f6dc2e27"
"GBL Boston Jr Bruins","Dorchester","MA","US","EHF","association","8a10f76e-0364-450f-bc8b-c32167716281"
"GBS Wildcats","Triton","NL","CA","Independent","association","162a7e74-d05c-47ce-9371-bd64265267ef"
"Geauga Maple Leafs","Chagrin Falls","OH","US","CSHL","association","fc2c587d-e289-4435-982f-e41d1668ca86"
"Geneva Cyclones","Geneva","IL","US","CSDHL","association","5b258f90-f3f4-4d5f-9c15-88f9b7cf3637"
"Geneva Generals","Geneva","NY","US","CNY","association","d5249f49-c1a2-4bfa-8534-d2615845c297"
"Gentry Galaxy","St Paul","MN","US","Independent","association","a75aa186-a37e-4717-a7f9-c8bb56b5c78d"
"George Bell Titans","Toronto","ON","CA","MHL","association","062d7fa2-077b-4896-9e0f-4660a83af343"
"Georges Vanier Ecole","Laval","QC","CA","RSEQ","association","6c5d8d68-2813-4a4e-a063-257dc2401ac5"
"Georgetown Eagles","Georgetown","PE","CA","HPEI","association","781993ce-e78b-4217-aa44-9065068452a0"
"Georgian Bay Islanders","Midland","ON","CA","YSMHL","association","bb915d5d-acf5-4d6e-849e-d3891f3a3c0a"
"Georgian Shores Lightning","Meaford","ON","CA","MOMHL","association","9f17bfa8-34a0-4909-bfa5-b9eb0420e16f"
"Georgina Blaze","Keswick","ON","CA","OMHA","association","4db47336-869e-43d5-9547-1a453f38e790"
"Georgina Golden Hawks","Keswick","ON","CA","OWHA","association","ce367c13-4097-4084-be99-0e78bafbabfe"
"Geraldton Goldminers","Geraldton","ON","CA","HNO","association","77b79183-c261-4967-a6f6-90328e866e7d"
"Gillam Chargers","Gillam","MB","CA","Norman","association","74d46f7c-2778-4070-b51f-5a0ec22fb40d"
"Gillette Grizzlies","Gillette","WY","US","WAHL","association","ef7fca83-8dad-48a4-a36a-ec00befd6685"
"Gilmour Academy","Gates Mills","OH","US","MPHL","academy","1cc311b0-ce14-4af9-95c2-9be2d8b20ff8"
"Gilmour Gladiators","Gates Mills","OH","US","CSHL","association","edcc7d9b-4ef5-406c-9ed1-14c720fafba8"
"Gimli Vikings","Gimli","MB","CA","IMH","association","e6f4b42e-f9ad-458f-89d7-01f4c24d5bbf"
"Glace Bay Miners","Glace Bay","NS","CA","NCHL","association","86019068-d1e5-4142-aeb6-270cdcdd9e74"
"Glacier Avalanche","Whitefish","MT","US","EKL","association","735543bc-4035-4089-947b-dbc8a9a75524"
"Gladstone Lakers","Gladstone","MB","CA","CPMHA","association","f01acef0-974a-44e9-9db3-b2c14de1a844"
"Gladwin Gladiators","Gladwin","MI","US","Independent","association","ff8cb7b6-75c2-4ba9-815f-2727cd44d611"
"Glancaster Bombers","Glanbrook","ON","CA","OMHA","association","85db73aa-f22b-493f-892b-2bb8fae37f3e"
"Glasgow Ice Dawgs","Glasgow","MT","US","TSL","association","7e6f39ca-22ff-48fc-9522-281137d339a2"
"Glaslyn North Stars","Glaslyn","SK","CA","STEP","association","56ee661d-1794-4aef-b068-b657a6bf35da"
"Glenboro Panthers","Glenboro","MB","CA","SWRHL","association","b8e372fb-6780-44d8-8082-88d28b575594"
"Glendon Comets","Glendon","AB","CA","NEAHL","association","a7ba0aab-c4e2-4c6f-9238-647011bb4e1c"
"Glengarry Highlanders","Alexandria","ON","CA","OWHL-E","association","ff1126f9-f7f7-4e3e-805c-a53300aa4e80"
"Glenlake Hawks","Calgary","AB","CA","HC","association","c848f03e-2420-4b7c-b90a-ab711d9c90a0"
"Glenview Grizzlies","Glenview","IL","US","NSYHL","association","899e8a4f-1092-459a-aa14-160ecc589e16"
"Glenview Stars","Glenview","IL","US","CSDHL","association","5b52715e-09e6-44f4-b0d5-3fbfb972743f"
"Glenwood Springs Grizzlies","Glenwood Springs","CO","US","CAHA-CO","association","1da497a8-bd29-433e-bd73-c98ccb0d95f9"
"Gloucester Centre Cougars","Gloucester","ON","CA","GHA","association","9b3a41d7-c3ab-40df-9e7b-26e5591cba88"
"Gloucester Rangers","Orleans","ON","CA","HEO","association","bc6150aa-08a6-4cee-a926-023ba79157d0"
"Gloucester/Orleans Blues","Orleans","ON","CA","OBMHL","association","078e3eec-a495-4383-877c-01dc5f0cb575"
"Glovertown Tornadoes","Glovertown","NL","CA","Independent","association","b2d52d4f-6644-4f10-ae74-a5fed7904ab6"
"Goderich Sailors","Goderich","ON","CA","OMHA","association","84de0e22-191f-43b6-ba9c-0f2f300146ce"
"Gold River Hawks","Gold River","BC","CA","VIHL","association","f4468a16-3742-482e-b6a3-0d98eeae8347"
"Golden Jr Rockets","Golden","BC","CA","EKL","association","5ffdb23e-bda8-4580-a1e7-18a5db1599e0"
"Golden State Elite Eagles","Cupertino","CA","US","CAHA","association","35f74064-3b17-4c6b-8641-3a665c92a579"
"Goodfish Lake Flames","Goodfish Lake","AB","CA","NEAHL","association","ab8d81a5-68cb-4007-856f-ecb04427693e"
"Goodsoil Flyers","Goodsoil","SK","CA","STEP","association","dc95801a-4176-46b7-8007-0d9b391274df"
"Goulding Park Rangers","North York","ON","CA","GTHL","association","a748780e-df2d-4b87-95eb-c8286b97326e"
"Goulds Pacers","Goulds","NL","CA","DJHL","association","338fb683-2e8f-47ba-9bbc-8f0f37e36b64"
"Grafton-Park River North Stars","Grafton","ND","US","NDAHA","association","1ed65597-e086-4dc4-88af-76d18e4c3d19"
"Grand Falls Jr Cats","Grand Falls","NB","CA","NBD1&2","association","f772bdab-3340-488b-a4ab-7022e6d56da8"
"Grand Falls-Windsor Cataracts","Grand Falls-Windsor","NL","CA","Independent","association","67e0f7e5-d820-481a-a249-72d7e26fc940"
"Grand Forks Aviators","Grand Forks","ND","US","NDAHA","association","635c4b46-234f-4dfc-bc28-1c33948f1e88"
"Grand Forks BC","Grand Forks","BC","CA","WKMHA","association","7f05d31d-5d5b-44c2-aea1-d9842cb6afc4"
"Grand Junction River Hawks","Grand Junction","CO","US","CAHA-CO","association","6cc66a52-d937-412c-a1e5-b22b1d8704d7"
"Grand Lake Wild","Minto","NB","CA","NBCMHL","association","319f8628-0fd8-46f5-b20f-932417bf67b5"
"Grand Manan","Grand Manan","NB","CA","SNBMHL","association","d70c4d1c-48c9-426e-87a3-502f7da4f039"
"Grand Plains Hawks","Grandview","MB","CA","Parkissimo","association","9846ed5a-a857-4a1a-9ffd-07ad1bde1ca3"
"Grand Rapids Blades","Grand Rapids","MI","US","Adray","association","a03b5fb0-9c08-433a-8126-d6b626f7ded4"
"Grand Rapids Griffins","Grand Rapids","MI","US","Adray","association","448184f0-6aad-473f-affa-07a7584af1b0"
"Grand Rapids MB","Grand Rapids","MB","CA","Norman","association","c6e24c87-2b21-4070-b332-8118166da8c6"
"Grand Rapids Thunderhawks","Grand Rapids","MN","US","MN12","association","c2b0f465-2a39-4be8-b612-3250b12491f6"
"Grand River Cougars","Howell","MI","US","LCAHL","association","e07540c4-b936-452b-a43d-8cb5e890c39c"
"Grand River Mustangs","Fergus","ON","CA","OWHA","association","e153d7a7-0a2a-4f05-af60-bb34ffae53e9"
"Grand Valley Stars","Grand Rapids","MI","US","Adray","association","3e89d862-ee60-40eb-a825-26ef53a2b1ec"
"Grand Valley Twisters","Grand Valley","ON","CA","MOMHL","association","abc8f21a-e1e0-4022-8372-103a9714ccb5"
"Grande Cache Rockies","Grande Cache","AB","CA","APHL","association","ddbe6260-355f-441b-aaed-abf7e795ad47"
"Grande Peace Storm","Grande Prairie","AB","CA","AEHL","association","7ea2e48a-2adc-4098-89bc-b40a41e1b16f"
"Grande Prairie Knights","Grande Prairie","AB","CA","APHL","association","88168a23-f647-4cc2-92d7-4048adc66e40"
"Granite State Wild","Dover","NH","US","NHAHA","association","6d25ff45-50b5-4efa-af1a-bdb359d201c3"
"Gravelbourg Hornets","Gravelbourg","SK","CA","SSHL","association","ab805b03-cc29-4967-81e4-fea0b1d2dad7"
"Great Falls Americans","Great Falls","MT","US","TSL","association","fa467f41-5189-4109-96b8-e6b1b2b32479"
"Great Lakes HC","Madison","WI","US","Independent","association","e0dcc585-d93e-493d-8de3-fe41f12143c1"
"Great Neck Bruins","Great Neck","NY","US","HVHL","association","5aa28cbd-ded2-4eb8-9917-d1bfe4d8c2f8"
"Greater Boston Jr Bruins","Brighton","MA","US","E9HL","association","0b523843-0ec0-46a9-b3f9-7ab76854b269"
"Greater Boston Vipers","Medford","MA","US","EHF","association","9b6c8856-45ac-416e-8bb5-57a55fa60afc"
"Greater Charlottetown Islanders","Charlottetown","PE","CA","HPEI","association","a4544188-57d7-4925-b27d-7f9550e7b9e0"
"Greater Lowell Hawks","Lowell","MA","US","VHL","association","f1ae119a-5b82-49b7-b74f-99cecedd97ac"
"Greater New Haven Warriors","New Haven","CT","US","CHC","association","a5aedef1-2425-4376-a05e-e52912169a7e"
"Greater New York Stars","New York","NY","US","EJEPL","association","f36ea830-b460-4cd9-b056-43294ac214b5"
"Greater Springfield Aces","Springfield","MA","US","MVHL","association","4fd87f9f-acaa-4ea7-905d-4a07d38d430e"
"Greater Toronto Capitals","Etobicoke","ON","CA","GTHL","association","ad1cc1f5-9b4e-4951-9f58-7aa68b20e570"
"Greater Vancouver Canadians","Vancouver","BC","CA","BCEHL","association","e9a062f4-bb5e-400e-8766-33c9b44e5737"
"Greeley Bears","Greeley","CO","US","CAHA-CO","association","7e0569ee-0064-4c86-acc1-fea2c5b8a97a"
"Green Bay Bobcats","Green Bay","WI","US","WAHA","association","1eb3dc11-470d-4efd-b772-3421953783ad"
"Greenville Jr Pirates","Greenville","NC","US","CHL","association","ac1ee7c0-5912-4fd4-8007-d91f7126cc34"
"Greenville Rage","Greenville","SC","US","ACHC","association","f8358013-ecd3-43cd-bc69-7b6bb78fd70d"
"Greenway Raiders","Coleraine","MN","US","MN12","association","f1c88543-60c1-4c9b-8b30-a764cb7afa14"
"Greenwich Cardinals","Greenwich","CT","US","CHC","association","00334a40-b075-4b7e-8c43-c764c1216b9d"
"Greenwich Skating Club","Greenwich","CT","US","CHC","association","81eec45e-f3a5-44a5-bcef-1ee290f507b4"
"Grenfell Spitfires","Grenfell","SK","CA","MHL-SK","association","0c8a5d18-47ba-4dc8-8100-22d93bac56ad"
"Grey Bruce Highlanders","Markdale","ON","CA","OMHA","association","dca4f369-d940-4628-b7d8-c5c2cff7df6e"
"Grey Highlands Shooting Stars","Markdale","ON","CA","WOAA","association","50afe102-a8ca-44fd-95db-78b794a5442d"
"Grimshaw Huskies","Grimshaw","AB","CA","APHL","association","8e45ff39-1a57-4670-a838-87fbdb2187f6"
"Gros Morne Mountaineers","Rocky Harbour","NL","CA","Independent","association","be6790f6-4a0c-4b3f-aaf6-82d5578ffb64"
"Grosse Ile Islanders","Grosse Ile","MI","US","LCAHL","association","8cf621ac-0ce2-42df-91a0-4a6db5fd7fc3"
"Groton Crusaders","Groton","MA","US","VHL","association","f6fcd253-a1c5-407e-a364-8bd75c76f189"
"Grovedale Grizzlies","Grovedale","AB","CA","APHL","association","f96155d4-49ff-44e5-81da-6e7267fb3c1a"
"Grundy Senators","Bristol","PA","US","AHF","association","a4eb7245-54f0-4c41-8606-f801f859a17b"
"Grunthal Red Wings","Grunthal","MB","CA","Eastman","association","036123f1-f2bc-41cb-9337-7d1107d117a5"
"Guelph Gryphons","Guelph","ON","CA","OMHA","association","4856c5df-8bed-4f87-ac59-a3b1f4716f67"
"Guelph Jr Gryphons","Guelph","ON","CA","OWHA","association","9e14a87d-6f28-4dca-ab35-731f92fbfc43"
"Gulf Coast Flames","Ellenton","FL","US","SFHL","association","907e6b8e-3e4d-4ce1-96b3-cfbfe6c485ee"
"Gulf Storm","North Rustico","PE","CA","HPEI","association","7d928344-7ef2-4124-bab4-e2341baf5190"
"Gull Lake Greyhounds","Gull Lake","SK","CA","SSHL","association","26589499-5982-4641-b858-c294bb472d52"
"Hagerstown Bulldogs","Hagerstown","MD","US","CBHL","association","c0655bc8-39d7-4acd-b631-ee3b48b051fc"
"Hagerstown Hammerheads","Hagerstown","MD","US","CCHL","association","43d55700-c8e2-425c-86cb-b90a418bfff5"
"Hagersville Hawks","Hagersville","ON","CA","OMHA","association","18405c83-2050-4605-9895-ee41587dc6f0"
"Hague Royals","Hague","SK","CA","SVMHL","association","ff76960d-ebb7-40b4-9005-21641af1792a"
"Haldimand River Kings","Cayuga","ON","CA","NDHL","association","6d45acee-d438-4a45-b5fc-ab4006819ad6"
"Haldimand Rivercats","Caledonia","ON","CA","OWHA","association","61123c13-557f-415b-a43f-bc2a7ed4281b"
"Halifax Hawks","Halifax","NS","CA","CMHF","association","61c411ce-9d68-48ee-9adb-f8e3a480c317"
"Hallock Bearcats","Hallock","MN","US","MN16","association","c253433d-daaf-4b69-919e-c825bad46f6b"
"Halton Hills Thunder","Georgetown","ON","CA","OMHA","association","0ca6ae4e-87c8-480b-b424-3d65fd817f0f"
"Halton Hurricanes","Milton","ON","CA","OMHA","association","a22c4a14-61fa-4bff-b27b-fb34ece3d2f2"
"Hamburg Hawks","Hamburg","NY","US","GLGHL","association","8cbfd086-3be9-4c0a-9cba-1d8b2ec68afa"
"Hamden Dragons","Hamden","CT","US","CGHL-CT","association","9d7ff3c5-f6d9-420a-a1c0-b8e69d07063a"
"Hamilton Hawks","Hamilton","ON","CA","OWHA","association","617e140d-1c18-46bb-87d3-12c5e03e8774"
"Hamilton Huskies","Hamilton","ON","CA","OMHA","association","4d42154f-0254-4f2c-bd9c-aed6df5c22c8"
"Hamilton Steel","Hamilton","ON","CA","OMHA","association","1cd40770-ed53-45ce-a485-1f3cc1b30f86"
"Hamiota Huskies","Hamiota","MB","CA","Parkissimo","association","47ca1dda-8c4b-4f68-a581-7b8984aeffab"
"Hammond Mohawks","Hammond","IN","US","CSDHL","association","26423632-6683-4bed-adca-f4ea7d3440ed"
"Hampton Huskies","Hampton","NB","CA","NBCMHL","association","60ed7503-4c86-4916-a40e-3e2e0c8bf2e9"
"Hampton Roads Warriors","Virginia Beach","VA","US","CHL","association","5f93e4fa-2e92-4156-aa17-16efe223977e"
"Hampton Roads Whalers","Chesapeake","VA","US","CBHL","association","993e8fc7-3355-4ff8-a184-7b7b087a9bed"
"Hanley Hawks","Hanley","SK","CA","ECMHL","association","3c91f465-f4b8-4af8-949d-9b146c4d3615"
"Hanna Colts","Hanna","AB","CA","CAHL","association","19943e40-bed4-4c98-90c3-adf2d574d510"
"Hanover Falcons","Hanover","ON","CA","OMHA","association","392465e4-199f-42f6-a434-539c947088c1"
"Hanover Indians","Hanover","MA","US","BSHL","association","f61aacb9-d496-44e5-97ee-6855ed6c0f29"
"Hanover Wild","Hanover","NH","US","NEGHL","association","44e797d5-f4b3-4fb4-af72-c2e68aed7b0d"
"Harbour Grace CeeBees","Harbour Grace","NL","CA","Independent","association","a84a8499-9e65-4bcc-b77a-11ab95980123"
"Hartford Jr Wolfpack","Cromwell","CT","US","AHF","association","4e29bc22-bb64-420b-8cd6-3cb77debcd3e"
"Hartland Huskies","Hartland","MI","US","LCAHL","association","232f1698-1f2c-4e06-8717-52189228029b"
"Hartney Devils","Hartney","MB","CA","SWRHL","association","cf689b29-8f62-45fd-a408-50de3f05f4ce"
"Hastings Raiders","Hastings","MN","US","MN08","association","99a8b6a6-8e38-42b4-994b-93656c841d5a"
"Hatfield Ice Hawks","Hatfield","PA","US","DVHL","association","d346ffbb-6d1d-4c03-b881-05252c09c121"
"Haut Madawaska","St Francois","NB","CA","NBD1&2","association","68f00457-305c-4325-944f-70955f6a20dd"
"Haut St Francois Sharks","East Angus","QC","CA","Estrie","association","e4718a41-c56d-4fdb-ba14-f8b11c66813c"
"Haute-Beauce Lynx","La Guadeloupe","QC","CA","LHQCA","association","27ef87a8-b1ef-4673-b5a8-12978a3b7b94"
"Haverford Hawks","Havertown","PA","US","AHF","association","4d6c64ca-3b4d-411a-89cb-82d5753214b0"
"Haverhill Pentucket Thunder","Haverhill","MA","US","VHL","association","95fe277a-e8a2-405d-b663-ad1024166bcc"
"Havre Ice Hawks","Havre","MT","US","TSL","association","07718a51-1bf1-41c5-b4c9-8d56c6b82bbf"
"Havre St Pierre Macareux","Havre-Saint-Pierre","QC","CA","CTN","association","9b02a8de-8cb9-4cc7-9a6a-46810e62f92f"
"Hayward Hurricanes","Hayward","WI","US","WAHA","association","6f52cb97-f4fb-49f4-b696-040461fcee58"
"Hazelton Bulldogs","Hazelton","BC","CA","NWD","association","4cd24f0b-39dd-44f4-b7ea-1f97dff13397"
"Hazen-Beulah North Stars","Hazen","ND","US","NDAHA","association","8036b21f-a19c-43cc-8909-77eba70a3668"
"Hearst HLK","Hearst","ON","CA","NEOHA","association","1a4133d3-8e82-4c96-96a4-7a84ac7c4c7a"
"Heartland Dragons","Mississauga","ON","CA","MHL","association","8af288e8-78db-4377-a3e3-6b1be9b8ff83"
"Helena Bighorns","Helena","MT","US","TSL","association","dcb96af4-5a47-4d7b-8244-941790489c26"
"Henniker Huskies","Henniker","NH","US","NHAHA","association","81ac09f3-91d7-4078-9ca1-2b8c049daca0"
"Hepburn Hawks","Hepburn","SK","CA","SVMHL","association","91c0d942-2793-4d3a-a8bd-077c76e30810"
"Herbert Hawks","Herbert","SK","CA","SSHL","association","2973a78f-3c3e-4899-9c1e-1593cb535fc9"
"Heritage Regional HS","Saint Hubert","QC","CA","RSEQ","association","9f3d0079-d16a-4b53-b861-f8740d4fc51d"
"Hermantown Hawks","Hermantown","MN","US","MN11","association","28ab2185-9451-42bf-856a-8b5fcf0085b8"
"Hershey Jr Bears","Hershey","PA","US","DVHL","association","895a08a0-bd97-4031-9c09-84b56ebe275d"
"Hespeler Shamrocks","Hespeler","ON","CA","OMHA","association","5f395e0a-318d-4bbc-82ad-e6b534baea38"
"Hibbing Bluejackets","Hibbing","MN","US","MN12","association","2d842bf3-eb4f-4e6e-8039-4d1a1bf99532"
"High Country Rockies","Black Diamond","AB","CA","CAHL","association","c96215a5-6fcf-49f4-8f4d-db059492df05"
"High Level North Stars","High Level","AB","CA","APHL","association","595585c4-27d5-4d35-aed0-aff1e3e8c7e3"
"High Prairie Regals","High Prairie","AB","CA","APHL","association","bb4dc8e9-47db-4780-a6a6-f87e33ce805e"
"Highland Park Falcons","Highland Park","IL","US","CSDHL","association","9c10871c-d3f0-47ce-b583-dadfc08d2037"
"Highland Storm","Haliburton","ON","CA","OMHA","association","5441c800-7e5b-41bb-8619-64d309e5133d"
"Hill Academy","Caledon","ON","CA","PPHL","academy","dc564045-30fe-4b8b-bdd2-962a82007e8f"
"Hillcrest Canadiens","Toronto","ON","CA","GTHL","association","f5bbaf75-2826-40f4-b662-fbdeebc0a6e1"
"Hillmond Hurricanes","Hillmond","SK","CA","STEP","association","2b959dd0-3ced-4416-bded-a78427eedd29"
"Hillsborough Hogs","Hillsborough","NC","US","Independent","association","a6479d55-5a22-40f4-bbc5-080c9f8ef5da"
"Hingham Harbormen","Hingham","MA","US","BSHL","association","82f60a8e-5839-448c-8e7b-1d6bd661eb25"
"Hinton Havoc","Hinton","AB","CA","NEAHL","association","ddc86aa4-8c11-4df8-981d-9f1211063c6b"
"HMRPP Chevaliers","Montreal","QC","CA","MON","association","91c500d2-984b-460e-921a-862080f6bca4"
"Hockey in New Jersey","Newark","NJ","US","NJYHL","association","0358540b-c6d5-4ed8-a018-89013963be58"
"Hoffman Estates Timberwolves","Hoffman Estates","IL","US","CSDHL","association","8594bc6e-22c4-4c8f-a99d-a6027fc7fec5"
"Hoffman Estates Wolf Pack","Hoffman Estates","IL","US","NWHL","association","1fb0f8d8-0d98-4c8f-ab66-09283123647d"
"Hoffman Estates Wolverines","Hoffman Estates","IL","US","MSGH","association","15a3b0a8-e94a-4297-a0a4-d055854e786e"
"Holland Rockets","Holland","MB","CA","PVMHA","association","49f5270e-ecb3-4d4f-a38a-624ce6cdaa9f"
"Hollyburn Huskies","West Vancouver","BC","CA","PCAHA","association","813321c7-6104-4d30-b510-5678b0aec7be"
"Hollydell Hurricanes","Sewell","NJ","US","AHF","association","9239d2c6-160d-4c3e-800a-839fd3c2697e"
"Holy Name Stars","Springfield","MA","US","GSL","association","083b7e60-e0c4-4d21-a898-1e012a171be0"
"Homer Glacier Kings","Homer","AK","US","ASHA","association","a45d1281-722e-49e0-8758-c0e78fa67b9c"
"Homewood-Flossmoor Vikings","Flossmoor","IL","US","NWHL","association","6def5287-1963-45f3-8940-9c9db0fbc21b"
"Honeybaked","Farmington Hills","MI","US","LCAHL","association","ff15d60e-3c5a-4124-82a3-4fa11bcbcc95"
"Honeywood Hurricanes","Honeywood","ON","CA","MOMHL","association","2d298c86-532d-4f6d-94aa-3c7a39ea1e46"
"Hope","Hope","BC","CA","PCAHA","association","692e0a8f-774f-4445-9d68-ff63f626eef8"
"Hopkins Park Nordics","Hopkins","MN","US","MN03","association","ae486bb5-56e7-46b3-8129-0b98c9a6171f"
"Hopkins Royals","Hopkins","MN","US","MN03","association","db421d13-e314-45c0-9554-2d5df112388a"
"Hornepayne Bears","Hornepayne","ON","CA","NOHA","association","7a9ca4f8-dd5b-4ba3-ac0e-ba048a85fe0c"
"Horse Lake Thunder","Horse Lake","AB","CA","APHL","association","46f2a23b-2248-47d6-ad5e-59086cbda7b9"
"Houston Flyers","Houston","BC","CA","NWD","association","27c23ce3-b7de-48fd-8a94-d43abc65b3be"
"Houston Jr Aeros","Houston","TX","US","THL","association","eb8a8599-effc-427a-b3f2-6deabf2007ce"
"Howard Huskies","Columbia","MD","US","CBHL","association","a5cb5e54-ce3f-4314-a8cb-fcfce46b04f0"
"Howard S Billings HS","Chateauguay","QC","CA","RSEQ","association","9af210ee-b078-4a18-9822-400291c5c83a"
"Howick Hornets","Gorrie","ON","CA","OMHA","association","83e25a19-b3e7-4545-ba90-242f9a9395f9"
"HRS Elites","St Lazare","QC","CA","LHGM","association","7a163caa-4a31-4e0e-a403-f38418a7fc30"
"HTX Storm","Houston","TX","US","Indep-G","association","0d9a569a-7ea0-463c-b52c-bab0eb7aaf81"
"Hudson Bay Hunters","Hudson Bay","SK","CA","NEMHL","association","c4d6f4ed-14c7-445c-a65e-2d723ac1f7f3"
"Hudson Raiders","Hudson","WI","US","MN02","association","2ad58946-4465-4513-9d0b-d11019e1e68b"
"Hughenden Jets","Hughenden","AB","CA","NEAHL","association","85dd6cce-0577-4d38-bbe0-a950040fa10e"
"Hull Olympiques","Hull","QC","CA","LHRO","association","83a2b826-888b-4ce6-9d07-d3c536943cac"
"Humber Valley Sharks","Toronto","ON","CA","GTHL","association","a5dc26f1-fee8-4f90-86e2-fa131119f7c2"
"Humberview Huskies","Weston","ON","CA","GTHL","association","7dbf8ae2-0d85-44a9-9c24-0d23c7a65266"
"Humboldt Broncos","Humboldt","SK","CA","ECMHL","association","ad2a4762-70e2-42d6-8490-f5c3e5675feb"
"Hunterdon Bears","Flemington","NJ","US","NJYHL","association","19a3213f-ce2b-4a42-b7fc-92cf5b30270b"
"Huntingdon Huskies","Huntingdon","QC","CA","LHGM","association","2cfac000-e17f-4745-9e17-ab45ef628bd9"
"Huntsville Jr Chargers","Huntsville","AL","US","SESCL","association","ad88e99d-c00b-4206-87c1-39b2b0ebae7a"
"Huntsville Otters","Huntsville","ON","CA","MOMHL","association","53df789d-ab22-46c3-99ee-4b86dea662de"
"Huntsville Sting","Huntsville","ON","CA","OWHA","association","677ec8bb-2870-4a9a-8ad2-884ac889d01c"
"Huron AllStars","Huron","SD","US","SDAHA","association","c65786d0-6d06-4aab-9353-2b165e1e22e6"
"Huron County Barn Burners","Bad Axe","MI","US","Adray","association","4c8d724b-559a-4bbf-896a-e32856eb45e6"
"Huron Heat","Clinton","ON","CA","OWHA","association","73bb740f-5220-40dc-afed-f8433e3accb4"
"Huron-Bruce Blizzard","Lucknow","ON","CA","OMHA","association","18b14f77-2e9e-415b-8c79-93b37bfea1fa"
"Huron-Perth Lakers","Stratford","ON","CA","OMHA","association","8b7d46bb-6b54-4475-b177-e07427451b89"
"Hussar Knights","Hussar","AB","CA","CAHL","association","0c5723c6-c740-489a-a1c1-d05cb4e8bd78"
"Hutchinson Tigers","Hutchinson","MN","US","MN05","association","f9b2b460-6930-4678-bd47-e1e74f6390d3"
"Hyde Park Eagles","Hyde Park","MA","US","MYCGL","association","f24d8059-b546-4df8-abcd-3a3ec82a9cdb"
"Hyland Hills Jaguars","Westminster","CO","US","CAHA-CO","association","459c0579-d0f8-49c9-9246-4dae31de2da4"
"Idaho Falls Eagles","Idaho Falls","ID","US","IAHA","association","f31df736-39ce-41e8-b365-e2ad20abf2f4"
"Idaho Jr Steelheads","Boise","ID","US","IAHA","association","85742a5c-a7a2-4342-834b-d28d645fa71f"
"Idaho Lady Vipers","Hailey","ID","US","Independent","association","00dc82f8-87b0-4776-aac2-81755f04e90d"
"Igloo Jaguars","Mt. Laurel","NJ","US","AGHF","association","1463052c-b089-4d3d-9a60-da5f16b06edc"
"Ignace","Ignace","ON","CA","HNO","association","bcdeeba2-6442-4cad-b066-09c2b3db1ccb"
"Ilderton Jets","Ilderton","ON","CA","OMHA","association","c78bd8cf-6c91-425e-a2dd-a4c2f8eed1c3"
"Ile Bizard Eagles","Ile Bizard","QC","CA","LHGM","association","d0fd3ec2-c577-4950-b514-3a615f287f38"
"Ile des Chenes Elks","Ile des Chenes","MB","CA","Eastman","association","f16a0b77-cdf2-4bd8-a405-1303cb300028"
"Ile Perrot Riverains","Ile Perrot","QC","CA","LHGM","association","cea218c2-b929-4aad-96b0-0d93e5dac151"
"Independent","","","","Independent","independent","f52ca09f-8e27-4637-8242-71a97794c159"
"Indian Head Chiefs","Indian Head","SK","CA","Mainline","association","71b5b063-aef6-4768-84df-f8e70689ac63"
"Indian Hill Winter Club","Camp Dennison","OH","US","BTHL","association","b2ec56c3-59c6-4a1d-90e5-183e3e45783c"
"Indiana Chiefs","Indiana","PA","US","PAHL","association","eb096ea3-4a38-44b4-9279-6be6ebd6858d"
"Indiana Elite","Fishers","IN","US","NAT1HL","association","b1fd60da-43ef-405f-b41a-4b2d5b005b2f"
"Indigenous Sports Academy","Saskatoon","SK","CA","CSSHL","academy","f0ab6d73-6644-41ee-b9c8-e15fab1be9d1"
"Indus Hurricanes","Indus","AB","CA","CAHL","association","82c0b137-e5ba-4880-98a9-9e129cda3650"
"Indy Jr Fuel","Fishers","IN","US","BTHL","association","d5d2bc62-1aaa-46e5-8fb6-1a69e8705db8"
"Ingersoll Express","Ingersoll","ON","CA","OMHA","association","30c85c31-dfa7-4f63-bcd5-40373621df95"
"Innisfail Flyers","Innisfail","AB","CA","CAHL","association","7e958ce5-2a11-4aa3-9bcb-2969f49c87f7"
"Innisfil Winterhawks","Innisfil","ON","CA","OMHA","association","41d62092-8923-4709-98d7-65c1b4621300"
"International Falls Broncos","International Falls","MN","US","MN12","association","891d7f33-d340-4c41-b8a7-bb37b765009b"
"Inver Grove Heights Spartans","Inver Grove Heights","MN","US","MN08","association","54b12d87-f2fc-486c-9e4f-7c5f434c49c6"
"Iowa City Jr Heartlanders","Iowa City","IA","US","MwHL","association","ccbbf65c-a58c-4c7f-909e-6d9c2d955b51"
"Iqaluit","Iqaluit","NU","CA","Independent","association","ef3044d8-cfeb-4ac9-ab5d-d73f451203ab"
"Irma Aces","Irma","AB","CA","NEAHL","association","0e71b41e-78b9-4b4d-8754-46b927dde945"
"Iron Mountain Iron Kings","Iron Mountain","MI","US","CUP","association","29db4029-0fad-426c-a51a-25111fb890aa"
"Iron Range Miners","Negaunee","MI","US","CUP","association","4e187722-c506-4792-9429-b6dddb9e5278"
"Iron River Ice Hawks","Iron River","MI","US","CUP","association","56da99e1-cd78-4704-a5c7-46d2a20f958f"
"Ironwood Polar Bears","Ironwood","MI","US","CUP","association","d1072703-9f9a-4af6-98fe-8460a078683d"
"Iroquois Falls Eskimos","Iroquois Falls","ON","CA","NEOHA","association","c95dfc2c-d3d2-4dfe-936d-7e43d4650fe5"
"Irvine Bulldogs","Irvine","AB","CA","CAHL","association","ac4a58d1-f4f2-438b-a569-79f272d602dd"
"Ithaca Bears","Ithaca","NY","US","CNY","association","7b58e981-a5e1-415e-b9d5-e4da710820b3"
"Ithaca Shooting Stars","Ithaca","NY","US","CNY","association","93634725-702a-45de-84b9-ad64ed298e35"
"Ituna Avalanche","Ituna","SK","CA","ECMHL","association","b950517e-b876-4b99-85b7-a1f511313941"
"Jackson Hole Moose","Jackson","WY","US","WAHL","association","f7ab7c6e-ad30-47a4-8f23-0e4d89b81197"
"Jackson Melling Performance","Jackson","MI","US","LCAHL","association","46eae6c1-85d9-4583-8f22-569bbcae50b4"
"Jacksonville Jr Icemen","Jacksonville","FL","US","SFHL","association","a6f5cdd0-3475-43a6-95d6-07b9bba41513"
"Jacksonville Lunas","Jacksonville","FL","US","SFGHL","association","9a97d788-8158-482b-b0ed-391e9b7c17d0"
"Jacques Leber Ecole","Saint-Constant","QC","CA","RSEQ","association","8eb94db3-e87e-4aee-95d5-4875fcbf2d19"
"Jamestown Lakers","Jamestown","NY","US","WNYAHL","association","a8f29824-b6df-4343-b7ff-4d49a815273f"
"Jamestown-Valley City Prowl","Jamestown","ND","US","NDAHA","association","e9985648-64fa-43b0-a73c-96df8df2ab73"
"Janesville J-Hawks","Janesville","WI","US","WAHA","association","03ab02d8-d347-46ad-b6b5-c1ce345b7013"
"Janesville Jr Jets","Janesville","WI","US","Independent","association","bb190ed6-6e8a-4d74-9d89-e0d39f4736af"
"Jasper Bears","Jasper","AB","CA","NEAHL","association","2fcf166a-0d8f-471e-b90e-de9dae05ff8e"
"Jean de Brebeuf College","Montreal","QC","CA","RSEQ","academy","d68adadf-19e5-498c-b2d9-923a2ac50d5f"
"Jean de la Mennais College","La Prairie","QC","CA","RSEQ","academy","c61dbbf8-0b63-451b-9f44-652e4aa1fe8e"
"Jean Eudes College","Montreal","QC","CA","RSEQ","academy","d1bbce2b-7033-4291-9548-2be03083870e"
"Jersey City Capitals","Jersey City","NJ","US","NJYHL","association","0f7f99f5-01d9-4337-9aac-391a16ebce43"
"Jersey Colts","Morristown","NJ","US","AHF","association","6f7019ac-17e1-4b53-92ff-802c27b29034"
"Jersey Hitmen","Wayne","NJ","US","THF","association","782af7e0-1c9e-44f8-a7e4-de22971f302f"
"Jersey Shore Wildcats","Wall","NJ","US","AHF","association","bc078d90-7bcd-430d-874a-4081ec147978"
"Jersey Wolves","Morristown","NJ","US","EJEPL","association","9bec44c7-fa6f-4a29-b066-5b806204f3ae"
"Jesus Marie Ecole","Beauceville","QC","CA","RSEQ","association","34f31b5a-9a89-46ad-93c0-df99df44c4ac"
"John Rennie HS","Pointe-Claire","QC","CA","RSEQ","association","c7fd6bb6-6385-41e3-8489-4c709ef3ab79"
"Johnstown Warriors","Johnstown","PA","US","PAHL","association","18a77059-46e9-4f48-97d8-07c008618626"
"Joliet Jaguars","Joliet","IL","US","CSDHL","association","a88638bc-acd3-41e0-888a-c6a0096ff880"
"Joliette-Crabtree Cyclones","Joliette","QC","CA","LH3L","association","a617f1bd-ae04-4818-b74f-25620092a09b"
"Jonquiere Marquis","Jonquiere","QC","CA","SLJ","association","a5124a1a-3706-4d75-a932-ecec952a8928"
"JSH Phoenix","Montreal","QC","CA","MON","association","3ddd1154-cebc-4688-adee-4f71f7c2e973"
"Juan de Fuca Grizzlies","Victoria","BC","CA","VIHL","association","042951c2-7e5c-4e7e-9dd6-3a5be9720a55"
"Juneau Capitals","Juneau","AK","US","ASHA","association","1ee3f55b-5073-4a5a-84bc-67a7a4119882"
"Kahnawake Mohawks","Kahnawake","QC","CA","LHGM","association","1ab12c66-78b5-4e29-8dee-88401d1bbe34"
"Kainai Chiefs","Standoff","AB","CA","CAHL","association","97114374-b336-4850-9b4c-c67a8a334844"
"Kalamazoo KWings","Kalamazoo","MI","US","Adray","association","0c502d6d-addc-41c2-9dfd-3aac41506361"
"Kalkaska Rhinos","Kalkaska","MI","US","Adray","association","e8e6dee5-3221-4322-84a7-2a7b932da3ce"
"Kamloops Jr Blazers","Kamloops","BC","CA","OMAHA","association","b597c86a-c40d-4a94-8a41-eafa485443fa"
"Kamouraska Voisins","Saint-Pascal","QC","CA","BSL","association","e4b7ec55-af59-44bf-a8a8-acfb6dc3012e"
"Kamsack Flyers","Kamsack","SK","CA","MHL-SK","association","b7f720e0-b9ca-4ebe-819f-754dd1a5fca6"
"Kanata Blazers","Kanata","ON","CA","HEO","association","5fb3b1f0-a68f-4cc9-a4e4-4a9b63e527db"
"Kanata Rangers","Kanata","ON","CA","OWHL-E","association","4a33ea06-7a35-4917-8e73-d600fde9e343"
"Kankakee Coyotes","Kankakee","IL","US","NWHL","association","5f075d1d-c663-4c27-bde2-61c06e8303ee"
"Kansas City Outlaws","Independence","MO","US","MoAm","association","ccfc849a-d573-473d-a928-c87809900931"
"Kansas City Scouts","Kansas City","KS","US","MwHL","association","655f601d-e884-49d5-9359-b175cf2cd1f7"
"Kapuskasing Ice Hawks","Kapuskasing","ON","CA","NDMHL","association","a8c168db-5c8f-4073-9019-3499a0113523"
"Kapuskasing Jaguars","Kapuskasing","ON","CA","OWHA","association","9514f3e8-565f-46d8-a715-4b624e2d211c"
"Kaslo Winterhawks","Kaslo","BC","CA","WKMHA","association","c94849ba-df46-429e-bbc7-40a62e1d04b4"
"Kawartha Coyotes","Lindsay","ON","CA","OMHA","association","fcda6446-1e82-471f-9d03-619c8456dba7"
"KC North","Edmonton","AB","CA","EFHL","association","3e8d8d64-fe82-424b-a049-48ddef483f27"
"KC Sabres","Thunder Bay","ON","CA","HNO","association","d0c3e7d3-70a1-449b-a114-c44f99d8ef6b"
"Kearsarge","Andover","NH","US","NHAHA","association","6463fe98-9d46-4886-ad82-4f61c21234b7"
"Keene Cobras","Keene","NH","US","GSL","association","b3de3123-87bf-4e89-8c17-073cd40e3f8b"
"Keene Wolverines","Keene","ON","CA","OWHA","association","49046eaa-526a-42eb-b387-ffc16b291df4"
"Kelowna Jr Rockets","Kelowna","BC","CA","OMAHA","association","c4924f9f-ffb6-4f95-aed9-eb0007b17b69"
"Kelvington Wheat Kings","Kelvington","SK","CA","NEMHL","association","0697b789-df51-4c64-8dde-a28a16190398"
"Kemptville Royals","Kemptville","ON","CA","OWHL-E","association","1ce4fab2-112c-42c2-8145-d757bfeef6b5"
"Kenai Ice Hawks","Soldotna","AK","US","ASHA","association","eb47ba28-ba0b-4666-a081-2f6411e6d331"
"Kennebecasis Valley Hawks","Rothesay","NB","CA","NBCMHL","association","9c922c25-70a1-4b23-a29c-7641531ccfef"
"Kenora Thistles","Kenora","ON","CA","HNO","association","5404074a-fe9a-48ba-ac2c-854d0f9ac5df"
"Kenosha Komets","Kenosha","WI","US","CSDHL","association","2d70cf79-6406-4c07-9ed3-68da1d6c7d8e"
"Kensington Valley","Brighton","MI","US","LCAHL","association","e3966874-2604-46de-9264-743f4c4267db"
"Kensington Vipers","Kensington","PE","CA","HPEI","association","b73c30e8-a351-4805-9ac6-5992f020dbda"
"Kent Centre Bears","Richibucto","NB","CA","NBCBHL","association","616b6664-3d9f-4645-af80-be6cdb524aba"
"Kent Cobras","Chatham","ON","CA","Bluewater","association","3a43a115-5e37-4c46-a951-30bd2e63e83b"
"Kent Sud Flames","Cocagne","NB","CA","NBCBHL","association","3f495dc5-0a14-4550-b3a7-23f8de50bb9a"
"Kent Valley Selects","Kent","WA","US","Metro","association","f3fa40cd-5e5b-4811-a7f7-a4099333c739"
"Kerrobert Tigers","Kerrobert","SK","CA","HW14","association","9fa56ebb-844d-4653-b4fb-2c8dc4ba9971"
"Kerry Park Jr Islanders","Mill Bay","BC","CA","VIHL","association","647b8d6c-c104-41b7-9c12-e5eafc343fa3"
"Keweenaw Bay Cougars","L'Anse","MI","US","CUP","association","7b1b33ca-f3af-45a9-8ffe-58bbd9495ddf"
"Killarney Stars","Killarney","MB","CA","SWRHL","association","5fb1d6b7-f4d0-477a-9ad3-ab4760552afc"
"Kimberley Jr Dynamiters","Kimberley","BC","CA","EKL","association","80b7e186-afd8-48e3-b805-85676bbb755a"
"Kincardine Kinucks","Kincardine","ON","CA","OMHA","association","733de6c1-5032-4ff3-8d7b-f03a04b40ea1"
"Kindersley Klippers","Kindersley","SK","CA","HW14","association","3ab1fa01-757b-4b8c-83b7-be13bf7a27e6"
"King Rebellion","Nobleton","ON","CA","OMHA","association","124e74b7-0c8a-4aef-ac22-a52aa2fc23a0"
"Kings Country Kings","Montague","PE","CA","HPEI","association","380f6c39-e5ad-442b-ab03-3bdcf5891fb3"
"Kingsey Falls Hawks","Kingsey Falls","QC","CA","Estrie","association","9cadbcfa-e71c-4e22-9556-62ef44b0b317"
"Kingston Canadians","Kingston","ON","CA","LHL","association","78c50858-5b90-475b-becc-849727e32753"
"Kingston Ice Wolves","Kingston","ON","CA","OWHA","association","b67c18ff-b5f3-4624-92f9-b59f9d9aa9c2"
"Kingston Jr Gaels","Kingston","ON","CA","OMHA","association","a990e1a3-2c7b-461b-8f16-e4e28356bae6"
"Kinistino Tigers","Kinistino","SK","CA","NEMHL","association","03d0a5d0-d1bc-4b37-b5ce-bd2cf039167f"
"Kipling Royals","Kipling","SK","CA","MMMHL","association","bf1f80ee-cd4d-41cf-bc5d-c627541b7360"
"Kirkland Lake Blue Devils","Kirkland Lake","ON","CA","NEOHA","association","4636e4fc-f680-4e7a-aed0-0796c30d0e0b"
"Kirkwood Stars","Kirkwood","MO","US","MoAm","association","89064419-1f75-4e1c-aeeb-74222fc6dd8d"
"Kitchener Jr Rangers","Kitchener","ON","CA","OMHA","association","bef6934a-164d-4566-b5f6-9bb4c986fbbd"
"Kitchener Lady Rangers","Kitchener","ON","CA","OWHA","association","e9cee6d2-e765-4416-bd29-0c4a22cc8acd"
"Kitimat Winterhawks","Kitimat","BC","CA","NWD","association","da2956c8-2e36-42f5-8218-d39b34d749f1"
"Kitscoty","Kitscoty","AB","CA","NEAHL","association","7a9c8fa6-02c7-4978-9132-d9d1c8e24909"
"Klamath Falls Ice Hawks","Klamath Falls","OR","US","Independent","association","deb29c60-0f50-4394-aa4e-754dc25e662c"
"Klondike Kings","Dawson","YT","CA","Indep","association","471daa09-40fc-4cdd-84fd-669a1341c23d"
"Kneehill Chiefs","Three Hills","AB","CA","CAHL","association","4a60f39b-3d4a-4ff6-a513-95fe6c799d73"
"Knoxville Jr Ice Bears","Lenoir City","TN","US","Independent","association","480e613f-0f03-402a-9ada-a225766f1ef9"
"Kodiak HC","Kodiak","AK","US","ASHA","association","3744e7f8-c6a4-4ce6-9576-e52008488a94"
"KP Walpole","Walpole","MA","US","MYCGL","association","3e8dbe3c-7516-40cf-882d-1e3cf4d204c4"
"Krivo School of Hockey Elite","Littleton","CO","US","CAHA-CO","academy","58c5230b-475c-476b-8110-bbcacd867286"
"Kuper Academy","Kirkland","QC","CA","RSEQ","academy","b9a8cf16-f831-4c5f-a453-33fa9ccecec4"
"L'Ancienne Lorette Polyvalente","L'Ancienne Lorette","QC","CA","RSEQ","association","6fc7938b-c256-44cb-a26f-3c10b701da85"
"L'Ancienne-Lorette Mustangs","L'Ancienne-Lorette","QC","CA","Rive-Nord","association","8685e13c-4b6a-4b69-bde9-9c775f6cfb22"
"L'Assomption College","L'Assomption","QC","CA","RSEQ","academy","7f79440d-5c97-41e4-9e18-0905c9b55824"
"La Baie National","La Baie","QC","CA","SLJ","association","de507d83-6244-47eb-9d5b-106d0a1edce4"
"La Broquerie Habs","La Broquerie","MB","CA","Eastman","association","51a948d1-e1f4-4f77-b8e1-8a51bf987925"
"La Crescent Lancers","La Crescent","MN","US","MN09","association","0ecf7b35-e8b0-4829-a34f-23837dfcc86d"
"La Crete Lumberjacks","La Crete","AB","CA","APHL","association","bfa03afd-b1c3-438b-98f4-4c45b0585cec"
"La Crosse Flames","La Crosse","WI","US","WAHA","association","d12158e6-8bb3-4d76-9b98-b13afabf45f6"
"La Glace Ice","La Glace","AB","CA","APHL","association","bcea3e3e-c5ca-4802-ba4a-5aabf346cd51"
"LA Jr Kings","Los Angeles","CA","US","CAHA","association","e2d69c43-f0b7-47d3-af00-73b7b4705d1e"
"LA Lions","Los Angeles","CA","US","CAHA","association","6d34579d-d40a-425a-85ad-737774c39c42"
"La Praire Hawks","La Prairie","QC","CA","LHER","association","75f8ff4f-3d65-4172-ace6-1f434fe60bd8"
"La Ronge Icewolves","La Ronge","SK","CA","NEMHL","association","a04b0fe2-2ca4-4c5e-ba65-086843a38284"
"La Ruche Ecole","Magog","QC","CA","RSEQ","association","fedd4a7e-0bca-4540-a604-7458499ac27e"
"La Sarre","La Sarre","QC","CA","Abitibi","association","15df9d1a-0741-4cfb-a9ec-b4520993a420"
"La Tuque Wolves","La Tuque","QC","CA","Mauricie","association","78ee3bf9-5c61-45f9-bd44-38271ec85649"
"Labrador West Lakers","Labrador City","NL","CA","Independent","association","28cc5540-419b-4405-920e-b7b0ad6ab42c"
"Lac Deux-Montagnes Panthers","Deux-Montagnes","QC","CA","LH3L","association","0314bb42-6975-428c-be2a-86f2f45e8a40"
"Lac du Bonnet Blues","Lac du Bonnet","MB","CA","Eastman","association","cc032b5e-6e20-49b6-a366-60f542113d92"
"Lac La Biche Clippers","Lac La Biche","AB","CA","NEAHL","association","8639223d-5057-4119-a867-42ac19c2bf40"
"Lac Megantic Sauro","Lac Megantic","QC","CA","Estrie","association","51af0c81-7a81-4ef8-893b-1151513af52c"
"Lac Seul","Frenchmen's Head","ON","CA","HNO","association","4c045e04-4a58-4c6c-90c7-e91564357ddb"
"Lac St Louis Arsenal","Vaudreuil Dorion","QC","CA","LHEQ","association","bd50699d-4228-4a9c-be95-4eeaaa53af45"
"Lac St Louis Grenadiers","Chateauguay","QC","CA","LHEQ","association","3edee107-62e3-4330-96e4-754493c04193"
"Lac St Louis Lions","Dollard des Ormeaux","QC","CA","LHEQ","association","6af84aab-1441-46d8-ae9e-c32e135f506b"
"Lachenaie Chevaliers","Lachenaie","QC","CA","LH3L","association","2423be70-3ae1-48ca-bea0-2c89134336a4"
"Lachute Stars","Lachute","QC","CA","LH3L","association","5658332d-9d09-47eb-8ca1-156e0f96a39d"
"Lacombe Rockets","Lacombe","AB","CA","CAHL","association","d5bbc2c3-cf94-4a88-bd50-a6b877c90c00"
"Lady Patriots","Hatfield","PA","US","DVHL","association","f7c51b36-8e26-417e-8115-3393ab9a86f7"
"Lafayette Locomotives","Lafayette","CO","US","RMHF","association","688944da-0317-4190-9d24-4456e2db4368"
"Lafleche Flyers","Lafleche","SK","CA","SSHL","association","e7bd1ced-ee34-4750-8792-9a6ebf9a269a"
"Lake County Vipers","Gurnee","IL","US","CSDHL","association","f11e0dc6-9efb-424f-994c-78e1996886e6"
"Lake Cowichan Lakers","Lake Cowichan","BC","CA","VIHL","association","790d92dd-c14c-4b48-b01d-dbf13c3b7787"
"Lake Erie North Stars","Kingsville","ON","CA","Bluewater","association","f13d59b5-6ded-4e45-905d-64a722347400"
"Lake Erie Panthers","Euclid","OH","US","CSHL","association","690648c5-fa92-4e89-8df8-117313b58866"
"Lake Forest Winter Club","Lake Forest","IL","US","CSDHL","association","a66c0023-e1d3-47d5-af01-19a8ab61b762"
"Lake Manitoba Eagles","Lake Manitoba","MB","CA","IMH","association","bac022f1-0b62-4325-b840-7afece902436"
"Lake Melville Xtreme","Happy Valley-Goose Bay","NL","CA","Independent","association","b7d689e4-6a08-46df-a4b0-823eff2d99b4"
"Lake of the Woods Bears","Baudette","MN","US","MN16","association","84439dd1-4160-46a1-9f0b-13dcdbbacc65"
"Lake of the Woods Canucks","Kenora","ON","CA","Indep-G","association","e65a5bed-53df-47fd-8d25-8ae77979dbf5"
"Lake Tahoe Grizzlies","South Lake Tahoe","CA","US","CAHA","association","9e294e19-f510-43b8-b408-7cfcd2a0be84"
"Lakefield Chiefs","Lakefield","ON","CA","EOMHL","association","698f14ca-3822-4702-ac9a-8c82645ceb26"
"Lakeland (WI) Hawks","Minocqua","WI","US","WAHA","association","fe8d258e-9979-45c1-8e1d-dc6c80f2a1df"
"Lakeland Hawks","Waterford","MI","US","LCAHL","association","05079468-8430-465c-87b5-feda90490da6"
"Lakeland Jr Mocs","Lakeland","FL","US","SFHL","association","9fd9d745-c73d-42bd-9524-146ca92ca432"
"Lakeshore Jr Lumberjacks","Muskegon","MI","US","Adray","association","e0362ca7-86ae-4916-a3c6-8bb2877a7c2a"
"Lakeshore Lightning","Lakeshore","ON","CA","OWHA","association","adf3dfc9-d958-4af6-b277-729664671617"
"Lakeshore Panthers","Kirkland","QC","CA","LHGM","association","3f1d4fe0-3acf-45ec-9569-44cb2da49362"
"Lakeside Falcons","Lundar","MB","CA","IMH","association","c60a9465-623f-4500-be96-256bfd3d195d"
"Lakeville North","Lakeville","MN","US","MN08","association","373ed999-6dbb-4d1e-95d5-b0a55e5034fc"
"Lakeville South","Lakeville","MN","US","MN08","association","d57338a5-6661-4733-9059-5907efd86486"
"Lakewood Ice Dogs","Lakewood","CA","US","CAHA","association","16a81adc-604c-4626-a75e-60e18f603251"
"Lambeth Lancers","Lambeth","ON","CA","OMHA","association","45585242-fc10-491d-a201-b5b19bcf5bd4"
"Lambton Attack","Petrolia","ON","CA","OWHA","association","33c28971-915c-42cc-b2a7-27d5ffadf218"
"Lambton Shores Predators","Lambton Shores","ON","CA","OMHA","association","f132c47e-caa5-4288-9238-d528656fa64c"
"Lameque-Shippagan Pecheurs","Lameque","NB","CA","NSMHL-LHMC","association","002d69b0-fa96-4061-80da-5b29177c9b6a"
"Lampman Imperials","Lampman","SK","CA","MMMHL","association","5cdc87f7-886e-4982-8d40-e11e0bc41966"
"Lanaudiere Pioneers","Repentigny","QC","CA","LHEQ","association","b4bd637d-2c28-4802-81b9-351a63de0b53"
"Lancaster Firebirds","Lancaster","PA","US","AHF","association","1aac6218-5ebc-4c0a-ad6c-588e5c9f8894"
"Lancaster Thunder","Saint John","NB","CA","NBCMHL","association","f6f9caf6-0b15-441e-ad93-a8871c790845"
"Landmark Blues","Landmark","MB","CA","Eastman","association","35a18649-fd6b-4719-86ea-3ad82fc040da"
"Langdon Blades","Langdon","ND","US","NDAHA","association","18ea2364-a428-4160-9a01-ccd3821ab7fa"
"Langenburg Warriors","Langenburg","SK","CA","MHL-SK","association","0b3ea587-d8cf-452b-83b8-483f5b2de22c"
"Langford Park Leafs","St Paul","MN","US","MN01","association","83649de5-fa7f-4b0e-b5e8-548a85620a00"
"Langham Vikings","Langham","SK","CA","SVMHL","association","3fddaef7-1311-4185-94b3-0281a91dd829"
"Langley Eagles","Langley","BC","CA","PCAHA","association","154bb60e-b9cb-4204-b418-48066b29dab5"
"Langley Lightning","Langley","BC","CA","PCAHA","association","8cf0a058-559a-4f9b-8ee2-9bbf580d568f"
"Langton Leafs","Langton","ON","CA","OMHA","association","04d1178d-ab31-42c4-8402-2b1e8f894402"
"Lanigan Pirates","Lanigan","SK","CA","ECMHL","association","04271b42-6188-4f19-a754-165362b218c7"
"Lansing Spartans","Lansing","MI","US","Adray","association","7bb50a77-7bac-4391-8036-4a098755fc66"
"Laramie Outlaws","Laramie","WY","US","WAHL","association","14ceb39b-3d79-4864-a3a3-4fea40b684ac"
"Las Vegas Ice Warriors","Las Vegas","NV","US","Independent","association","58ab7a87-df3f-4a7b-a788-1b82b14be71d"
"Las Vegas Storm","Las Vegas","NV","US","AZYHL","association","365d6667-3107-47f7-8a25-00c409cc2347"
"Lasalle Cyclones","Lasalle","QC","CA","LHGM","association","7e0f56f3-790d-42b1-824a-99ee0c181ae1"
"LaSalle Sabres","LaSalle","ON","CA","Bluewater","association","36f11a88-62a5-495b-bda8-dd6182732bf2"
"Lashburn Flyers","Lashburn","SK","CA","HW14","association","639118b9-f511-4b7b-8c9f-e8e9f8142b9e"
"Laval Academy","Laval","QC","CA","RSEQ","academy","10640a5c-d951-42e1-8949-05a3cac59d10"
"Laval Coyotes","Laval","QC","CA","LH3L","association","a37ac2c5-8527-4717-9e1d-7c3312650791"
"Laval Delta Ducs","Laval","QC","CA","LH3L","association","25a40d01-1695-44ee-8110-7f1310d18756"
"Laval Monteuil Eclairs","Laval","QC","CA","LH3L","association","8c3f0eaa-0043-45c5-8a0c-3c68897bc16d"
"Laval Patriots","Laval","QC","CA","LH3L","association","955a66ab-641b-437e-b981-c879c6e35f34"
"Laval-Est Rangers","Laval","QC","CA","LH3L","association","9539d411-7206-4414-b476-79d01bfbf42b"
"Laval-Ouest Cobra","Laval","QC","CA","LH3L","association","ebb49c7c-cc63-41d5-b809-99be11b160b1"
"Lawrence County Lightning","New Castle","PA","US","PAHL","association","fa0b135c-3184-408b-97f2-cebe5c600ee2"
"Leader Flyers","Leader","SK","CA","HW14","association","a62fd44f-213c-463d-922f-302d3d248ffb"
"Leaside Flames","Toronto","ON","CA","GTHL","association","27beb6e8-fa6e-4a4c-b1df-b08e9a26eebe"
"Leduc Oil Kings","Leduc","AB","CA","AEHL","association","d821e095-193c-4163-b268-61b0e0cc806c"
"Leduc Roughnecks","Leduc","AB","CA","AEHL","association","b8001f8f-00b9-4383-849e-12cbac4c70b6"
"Leeds Chargers","Athens","ON","CA","UCMHL","association","896a86f5-c381-4e29-893d-adc0f3a26b0e"
"Lehigh Valley Phantoms","Bethlehem","PA","US","AGHF","association","c0ce4e80-ea3d-46d1-bc4a-ed20eaec4ab5"
"Leitrim Hawks","Leitrim","ON","CA","GHA","association","39898e40-3ffb-4ecd-89e3-447499bcdca7"
"Leoville Huskies","Leoville","SK","CA","TCHL","association","e37ddf22-4c67-45d8-914f-d10d7f9093d4"
"LeRoy Braves","LeRoy","SK","CA","ECMHL","association","5f0adfb3-8406-447f-b4f6-e5502cdd8a39"
"Lester B Pearson HS","Montreal Nord","QC","CA","RSEQ","association","b86b2f68-c411-40ae-9516-47ca34b702f5"
"Lethbridge","Lethbridge","AB","CA","AEHL","association","1239b15b-a8b9-44a1-973b-2a7f5405fb1f"
"Levis College","Levis","QC","CA","RSEQ","academy","6da971b0-f890-4ba5-859d-90da695530e0"
"Lewis Clark Lightning","Lewiston","ID","US","IAHA","association","66535014-3dd2-49b6-81bb-3ef007e67796"
"Lewis County Cobras","Lowville","NY","US","Independent","association","576cb913-8e66-4709-b4bc-7848068e0458"
"Lewisporte Seahawks","Lewisporte","NL","CA","Independent","association","47aab607-4987-4b70-9664-586150e1ba35"
"Lewiston Maineiacs","Lewiston","ME","US","MEAHA","association","8f9c139c-a7c3-4285-b8eb-66509f5ec75f"
"Lewisville Lightning","Moncton","NB","CA","NBCBHL","association","480b494d-2773-4ccb-880e-39ad7030041f"
"Lexington Thoroughbreds","Lexington","KY","US","BTHL","association","0b570e8b-4be3-41f0-91c9-e03795c2f5af"
"Lexington-Bedford Revolution","Lexington","MA","US","VHL","association","6a0bfb48-2551-4563-aac6-da491326cd77"
"Lillooet Pistons","Lillooet","BC","CA","OMAHA","association","99df5cba-9530-4e62-b584-209958b9bb37"
"Lincoln Blades","Lincoln","ON","CA","OMHA","association","1a4484a9-c943-468e-88dc-67bffa84e09c"
"Lincoln Jr Stars","Lincoln","NE","US","MwHL","association","aad54959-f545-49da-8503-90f614b998ce"
"Lindsay Lynx","Lindsay","ON","CA","OWHA","association","3e23cbfc-340a-4acc-98c9-d501b703545d"
"Lindsay Muskies","Lindsay","ON","CA","OMHA","association","c47e8759-0b1c-4b7d-ad1c-0b7281e5d1f9"
"Listowel Cyclones","Listowel","ON","CA","OMHA","association","53594b55-e82d-40e5-8afd-cd6398774493"
"Litchfield/Dassel-Cokato","Litchfield","MN","US","MN05","association","0844031c-cb03-4287-af15-991be94ee811"
"Little Caesars","Detroit","MI","US","MAHA","association","1f23730e-c6e9-470f-9691-65dc8663f35b"
"Little Falls Flyers","Little Falls","MN","US","MN15","association","36be99fe-1f80-497d-b98c-2dcc027c5c91"
"Little Rock Aces","Little Rock","AR","US","MoAm","association","6a5bbd53-0654-4deb-a9d5-f0a927d354f2"
"Littleton Hawks","Littleton","CO","US","AHF","association","28697313-fdb4-4f0c-82a8-7d566dad6b0c"
"Livingston Blues","Geneseo","NY","US","EAHC","association","0110c61d-40a7-4da5-8651-9998344dd726"
"Livonia Knights","Livonia","MI","US","LCAHL","association","fd3dfe81-70e0-4952-b23c-3212b48ff7c2"
"Lloydminster Blazers","Lloydminster","AB","CA","AEHL","association","afb8f311-0ed8-47f3-a0ee-5aedcb52352a"
"Lockport Lock Monsters","Lockport","NY","US","MOHL","association","508e3a9e-1f1d-4ad7-baf0-f2fc22646e7a"
"Logan Lake Renegades","Logan Lake","BC","CA","OMAHA","association","e9ceb42b-c97b-4394-b4e4-5c677ec3ac33"
"London Bandits","London","ON","CA","OMHA","association","4122414f-ef54-4a79-b3fc-a14b83659948"
"London Devilettes","London","ON","CA","OWHA","association","ec2516d5-cf7a-477b-85d7-2f630410e1ef"
"London Jr Knights","London","ON","CA","OMHA","association","4d799611-0340-4cdf-bd0a-92220133297d"
"London Jr Mustangs","London","ON","CA","OMHA","association","558d8bed-59d6-43fb-883a-5e2a702c3e73"
"Long Beach Lightning","Long Beach","NY","US","EJEPL","association","b689a136-ef51-484d-86d3-28c20beb787a"
"Long Island Arrows","Freeport","NY","US","AHF","association","4674c3bc-6b0b-4bd3-a623-299159e8915c"
"Long Island Edge","Port Washington","NY","US","EJEPL","association","31cca5cf-a559-4289-8ba5-534054968e5b"
"Long Island Enforcers","Freeport","NY","US","EJEPL","association","eff3d19c-5ced-4c69-b28c-ed34f0478c4a"
"Long Island Gulls","East Meadow","NY","US","AYHL","association","ca87f57b-78fb-4519-b72d-072e1af40289"
"Long Island Rebels","Dix Hills","NY","US","AYHL","association","9e773bdf-e43a-4f43-9ef6-00077753fa0b"
"Long Island Royals","Kings Park","NY","US","AYHL","association","1a2a174c-58e9-4e4c-ab3a-dce02174fb97"
"Long Island Sharks","New Hyde Park","NY","US","EJEPL","association","b8818986-8dc4-4478-95f1-623ca2ba0e51"
"Longlac Timberwolves","Longlac","ON","CA","HNO","association","063a763e-6f8f-469a-8375-1a051712827e"
"Loon River Jets","Red Earth Creek","AB","CA","APHL","association","15897855-c4b9-4ced-a19b-15b6398d2ae4"
"Lord Selkirk Fishermen","Selkirk","MB","CA","WMHA","association","91f5363b-e6eb-45a3-9336-abdef1aa83e6"
"Lorette Comets","Lorette","MB","CA","Eastman","association","52b573df-e1c0-4031-8293-c04abbe553ab"
"Lorraine-Rosemere National","Lorraine","QC","CA","LH3L","association","59be5cb7-b1e8-4de2-987b-88422cf4f02f"
"Los Alamos Rams","Los Alamos","NM","US","LOEAHA","association","392eb8d7-79ae-4c80-a7be-6da1b612b773"
"Lotbiniere Seigneurs","St-Agapit","QC","CA","LHQCA","association","87b7db97-9795-4613-a1cf-f72001b68644"
"Loudoun Knights","Leesburg","VA","US","CBHL","association","ba2c159f-f2da-4dd8-8654-d150a1ea3920"
"Louiseville Coyotes","Louiseville","QC","CA","LHQCA","association","8e032d82-d257-4aff-ba85-d4252da2debc"
"Louisiana Jr Drillers","Lafayette","LA","US","Independent","association","36190717-dd07-4f36-8a45-974440171e2f"
"Louisville Ice Cardinals","Louisville","KY","US","BTHL","association","7b68e36b-dc69-4845-aa2e-06a4b5b9362b"
"Louisville Lightning","Louisville","NY","US","NNYSHL","association","e6e804d8-6547-45a9-b62f-ffd225c8a52e"
"Lovell Academy Lions","Rockland","MA","US","E9HL","academy","13e14a99-d53b-48dd-a767-95fceb6a38e6"
"Lovell Winter Club","Hingham","MA","US","E9HL","association","b1316425-a551-43e1-bb8e-c32f57eca2b5"
"Lower Canada College","Montreal","QC","CA","RSEQ","academy","81f8b964-afc4-4d3d-8eb5-c4886964c6fa"
"Lower Cape Cod Coyotes","Orleans","MA","US","SSC","association","d90a349b-f877-41cd-b6b9-7a630b845289"
"Loyalist Jets","Amherstview","ON","CA","EOMHL","association","c61404c4-68b1-47fe-8a5f-20db221bdbb1"
"Loyola HS","Montreal","QC","CA","RSEQ","association","1ab19802-981a-425b-a326-68a51925759a"
"LPC Wild","Mississauga","ON","CA","MHL","association","71a82a9c-6d4e-4dd3-a553-f5cb6fb121e0"
"Lucan Irish","Lucan","ON","CA","OMHA","association","63eeb3a0-0734-4000-b706-e681752e2e83"
"Lucille Teasdale Ecole","Blainville","QC","CA","RSEQ","association","db65ed37-dda5-4794-bffa-ea83e52259f3"
"Ludlow Jr Lions","Ludlow","MA","US","GSL","association","01afbfb0-49bb-4c81-a07d-76d237be5df6"
"Lumby Stars","Lumby","BC","CA","OMAHA","association","35092fa8-84c2-4478-8799-f3feca001187"
"Lumsden Bethune Lions","Lumsden","SK","CA","HR","association","ea32cce9-6d22-4fcb-946e-1ecef2edc1df"
"Luseland Mallards","Luseland","SK","CA","HW14","association","046ab603-652b-4763-8742-6a449e059680"
"Luverne Cardinals","Luverne","MN","US","MN04","association","3e08838f-5740-4615-901e-b6e408d5a93b"
"Lynchburg Coyotes","Lynchburg","VA","US","ACHC","association","bb85bf7e-a802-4bbe-af93-ad439ae429bd"
"Lyndon Red Wings","Lyndonville","VT","US","VSAHA","association","cc4a9443-cdb0-431b-ba84-4f9989406eaa"
"Lynn Jets","Lynn","MA","US","VHL","association","cc49b894-213e-444b-ac67-666e1c2044b8"
"Lynnfield-Saugus Stars","Lynnfield","MA","US","VHL","association","039437a8-63e6-4b6e-8310-ca0b3ec10c40"
"Lysander Lightning","Baldwinsville","NY","US","CNY","association","1a0f4711-8929-4f1d-befd-54b4a62eda6f"
"MacDonald Lightning","Oak Bluff","MB","CA","PVMHA","association","20f12289-4850-4905-acd8-0a184ce20508"
"MacGregor Mustangs","MacGregor","MB","CA","CPMHA","association","9a7753d2-dd5f-48d7-9096-e845329a7a9d"
"Mackenzie","Mackenzie","BC","CA","NCD","association","98b0e533-39e3-4e51-92a6-2555e6dc72e1"
"Macklin Mohawks","Macklin","SK","CA","HW14","association","f3d94a61-1f3e-4aff-8bb4-97cd410939db"
"Macomb Mavericks","Macomb","MI","US","Adray","association","4f73e48c-2c0c-4c40-9bbc-623b0d078fba"
"Madeleine Iles Escouades","Magdalen Islands","QC","CA","Indep","association","c5ca0031-5b90-400b-9999-8fd2809d9be2"
"Madison Capitols","Madison","WI","US","NAT1HL","association","a37a4955-922a-45fe-afc0-d62adc728798"
"Madison Patriots","Madison","WI","US","WAHA","association","458fb03a-5324-414e-a877-3c9db95e56ad"
"Magdeleine Ecole","La Prairie","QC","CA","RSEQ","association","37855ad3-89cc-4f34-9b5e-423e46544ea2"
"Magog Carnicas","Magog","QC","CA","LHER","association","2d409d1f-8cfc-4a26-bd8b-9004ab5d8e51"
"Magrath Chiefs","Magrath","AB","CA","CAHL","association","f04093d3-e3ac-4483-9e3e-7d18b3044852"
"Mahtomedi Zephyrs","Mahtomedi","MN","US","MN02","association","5a0353bd-a300-44e5-a5b3-9dfb784cbec5"
"Maidstone Jets","Maidstone","SK","CA","HW14","association","dfc8c333-b1c4-4b2d-a5ca-58f4e31630eb"
"Maine Coast Storm","Rockport","ME","US","MEAHA","association","f7ce5d1e-410e-4a2b-9d24-38c31ad963ad"
"Maine Evolution","Gorham","ME","US","MEAHA","association","723b1d18-1f8d-4adc-b2d8-456b4566d9d4"
"Maine Gladiators","Auburn","ME","US","MEAHA","association","24d2b978-af75-4c44-be62-8545f027be34"
"Maine Inferno","Brewer","ME","US","MEAHA","association","73ad5400-7afe-4b7d-b625-98cf68208715"
"Maine Jr Black Bears","Orono","ME","US","MEAHA","association","b8ab6c7b-aa2b-40c8-8ded-76c20aca834b"
"Maine Jr Mariners","Biddeford","ME","US","MEAHA","association","12433cf6-48d1-4fda-b5a6-bea6f3fbeae1"
"Maine Moose","Hallowell","ME","US","MEAHA","association","3ab667e8-736c-4c41-a438-be29a98088d1"
"Maine Skaters","Augusta","ME","US","MEAHA","association","52cd6b18-3662-4a71-bf43-4e083092e742"
"Maine Wild","Biddeford","ME","US","MEAHA","association","54edaf35-a22c-41b1-a2d9-7ef68dec4427"
"Mallaig Monarchs","Mallaig","AB","CA","NEAHL","association","7d0d2b1a-0691-4e6c-bed5-5af3e5b4f172"
"Mamaroneck Tigers","Mamaroneck","NY","US","HVHL","association","7ab2b902-0944-40b2-8975-d63f9261f0e7"
"Mammoth Stars","Mammoth Lakes","CA","US","SCAHA","association","5491e5d6-da5a-4e33-8b14-e09c2aa79ab9"
"Manchester Flames","Manchester","NH","US","EHF","association","4a17d964-a0e2-44a4-b75b-f87a31609ab0"
"Mandan Mayhem","Mandan","ND","US","NDAHA","association","0c4bafda-70de-42e9-842d-7fabd11c4651"
"Manistique","Manistique","MI","US","CUP","association","e248ee3a-44ef-4695-b85e-8f8f85e5dde0"
"Manitou Tigers","Manitou","MB","CA","PVMHA","association","223e26c6-1870-412f-af8d-3c9b5ad46fd3"
"Manitoulin Panthers","Little Current","ON","CA","NDMHL","association","65d7fee5-dd9c-46c1-8d3e-c111edafe0de"
"Manitouwadge Copper Kings","Manitouwadge","ON","CA","HNO","association","3348952d-0bd9-4c08-acd6-1a23431bc9d3"
"Manitowoc Breakers","Manitowoc","WI","US","WAHA","association","27fd1b23-5f49-4739-bd6e-37be2db69729"
"Maniwaki Mustangs","Maniwaki","QC","CA","Mauricie","association","9bc9cf24-0efb-414a-8d13-91e7fe0e1ad1"
"Mankato Mavericks","Mankato","MN","US","MN09","association","abbdd263-ebbc-4cca-b372-d5c74a18dcb2"
"Manning Comets","Manning","AB","CA","APHL","association","c03a2fd4-20c9-4939-9fcb-07f485d851b5"
"Mannville Hawks","Mannville","AB","CA","NEAHL","association","cd272b04-21e7-4a54-8937-1a48d109e3c1"
"Manvel Freeze","Manvel","ND","US","NDAHA","association","c45cbf54-b642-4ad4-a5a8-ba90d3f23ff3"
"Manvers Mustangs","Manvers","ON","CA","OMHA","association","d4a621f6-0165-4d01-a625-472feaad49de"
"Maple Creek Hawks","Maple Creek","SK","CA","SSHL","association","f0bda754-62bd-412e-b838-27209b474d4d"
"Marathon Mercs","Marathon","ON","CA","HNO","association","45fcbc0a-8a71-4760-a4bc-d5381fc42120"
"Marblehead Headers","Marblehead","MA","US","VHL","association","11ea69c3-8615-484f-be0b-a2be15c799bf"
"Marcel Landry Polyvalente","Saint Jean Richelieu","QC","CA","RSEQ","association","eb0c2f1f-0ceb-4f1d-b853-ac681d6862d3"
"Marinette/Menominee Thunder","Marinette","WI","US","WAHA","association","23c8e3b7-8a62-4f7c-903a-bd6f0a135581"
"Mariposa Lightning","Little Britain","ON","CA","OMHA","association","61f47fd0-a5df-4d6c-aa99-5eb510059dae"
"Markham Islanders","Markham","ON","CA","GTHL","association","b36e3dc1-89dd-4a2f-9832-99678e775d94"
"Markham Majors","Markham","ON","CA","GTHL","association","76205d47-816e-4066-9f07-c7a804b7acda"
"Markham Waxers","Markham","ON","CA","OMHA","association","0f264f79-2a1d-46f6-ada0-02656eeec1d7"
"Markham-Stouffville Stars","Markham","ON","CA","OWHA","association","89b3f52b-3ee0-4b27-bf67-e3af37dfddf4"
"Marquette Junior Wildcats","Marquette","MI","US","CUP","association","6f598587-80b0-466a-b408-e955dee2da94"
"Marshall Tigers","Marshall","MN","US","MN04","association","75ea5cb6-1ad6-40c9-a80c-c24d6d187f96"
"Marshfield Blades","Marshfield","WI","US","WAHA","association","75d0ee95-fc7d-4eda-8c78-baeec1d36958"
"Marshfield Rams","Marshfield","MA","US","BSHL","association","d6ec9221-af09-4208-94cc-09275864fba2"
"Martensville Marauders","Martensville","SK","CA","SAAHL","association","79b3cb29-7dc4-44fa-b8f0-45f20bc4d0f6"
"Martha's Vineyard Mariners","Vineyard Haven","MA","US","SCHL","association","353ea4b6-dd3d-470e-a839-412332d7cbdc"
"Marwayne Sled Dogs","Marwayne","AB","CA","NEAHL","association","3ba2bb88-72c8-48a3-b096-e3e865ba4736"
"Maryland Jr Black Bears","Odenton","MD","US","AHF","association","7638525d-913c-4df9-b213-af86071fb571"
"Marystown Mariners","Marystown","NL","CA","Independent","association","f472e009-8797-4f99-9b65-f9edb01a3d9d"
"Masco Chieftains","Topsfield","MA","US","MYCGL","association","9723b885-1e76-4e9e-bde3-ea1167eab769"
"Mascouche Grizzlys","Mascouche","QC","CA","LH3L","association","8e321544-1156-4633-b3eb-b177f7da729f"
"Mashteuiatsh Hurricanes","Mashteuiatsh","QC","CA","SLJ","association","39c217a5-c2e7-4b24-87bb-a69ef0e7ed3f"
"Maskwacis Hawks","Maskwacis","AB","CA","CAHL","association","7bbe28ea-2543-45ea-9a7b-3033bc617b72"
"Mason City Jr Mohawks","Mason City","IA","US","MwHL","association","fd7719a9-d428-4ffc-8c02-821982ebf959"
"Mass Admirals","Burlington","MA","US","PHL","association","33dce6f2-0b8f-4858-9fbc-1bee8747dc67"
"Mass Bay Chiefs","Peabody","MA","US","PHL","association","32487814-953b-4752-b467-95290750e6b8"
"Mass Bay Shamrocks","South Boston","MA","US","PHL","association","c2d09956-8edc-4d46-9cc8-a521cd4743f3"
"Mass Thoroughbreds","Wilmington","MA","US","Indep-G","association","a013a42e-eb1e-473e-8b9b-5a93058b2041"
"Mass Vikings","Braintree","MA","US","PHL","association","9be5b348-3f8b-42e9-aff9-455b69213dfe"
"Massachusetts Spitfires","Foxboro","MA","US","NEGHL","association","72bfc613-dd0c-4742-9c8d-dc3a4634808f"
"MassConn United","Enfield","CT","US","EHF","association","7fd25c23-0a33-41e8-b811-ebabd6c1949e"
"Massena Jr Raiders","Massena","NY","US","NNYSHL","association","88f76af7-53d0-44d7-97b5-992b893017de"
"Mat-Su Eagles","Wasilla","AK","US","ASHA","association","15ca49d7-8f7a-4b10-a9b0-787c7bf21cb7"
"Matane Sieurs","Matane","QC","CA","BSL","association","6dcebbab-157e-47ce-86fe-790a5f440c2d"
"Mauricie Estacades","Trois-Rivieres","QC","CA","LHEQ","association","4578727b-f2b7-4db5-b0be-7dda69c9c23b"
"Mayerthorpe Mustangs","Mayerthorpe","AB","CA","NEAHL","association","97524eb7-dbe3-498b-909f-01016b66f46d"
"MayPort Ice Dawgs","Mayville","ND","US","NDAHA","association","01dbc7a7-e6b8-442f-9c0a-e1e086afea80"
"McBride Grizzlies","McBride","BC","CA","NCD","association","826f5a19-4af7-4c2c-9abd-6cc4be1d2c2a"
"McCall Mountaineers","McCall","ID","US","IAHA","association","aacd2edc-ebf6-49f7-a3c5-e07d7147bbe3"
"McCreary Mustangs","McCreary","MB","CA","Parkissimo","association","506bdcae-05d7-406f-b74c-54e9a02e83a3"
"McFarland Spartans","McFarland","WI","US","WAHA","association","859586c8-d4e4-42c6-a00f-8ffa487d58d8"
"McFetridge RiverDogs","Chicago","IL","US","NWHL","association","2e335bec-30a8-423f-8137-78cd00a00254"
"McKinney North Stars","McKinney","TX","US","THL","association","5d7eb636-3d9e-47c0-b71b-39ade044d52a"
"McKnight Mustangs","Calgary","AB","CA","HC","association","89ca5190-1e8d-4ef0-9d86-cf6cf577f049"
"Meadow Lake Stampeders","Meadow Lake","SK","CA","TCHL","association","481a6274-0fa5-4662-901d-c2a6995a8e07"
"Meadow Ridge Barracudas","Maple Ridge","BC","CA","PCAHA","association","14fb9b14-965e-4490-a165-43aafc69955b"
"Meadowvale Hawks","Mississauga","ON","CA","MHL","association","87f5fe2b-0c3f-4b32-9215-9159da9fd192"
"Medfield Warriors","Medfield","MA","US","VHL","association","3d5a8bfc-e43d-483e-b81e-baef38b9e475"
"Medford Bulldogs","Medford","WI","US","WAHA","association","658e6743-f9ba-44b7-bdd2-04bb9132df4b"
"Medford Mustangs","Medford","MA","US","VHL","association","50c7fdf3-765f-4845-80eb-8a30438bf126"
"Medicine Hat","Medicine Hat","AB","CA","AEHL","association","9eac0640-989b-4c1e-b4f6-6813f290aaf7"
"Mekinac Mustangs","St Tite","QC","CA","Mauricie","association","484719f0-5d1b-4a44-869d-a4d6ab16444a"
"Melfort Mustangs","Melfort","SK","CA","NEMHL","association","42f780ce-50c8-4c86-a4d4-daa6ae5fb731"
"Melita Bisons","Melita","MB","CA","SWRHL","association","35900399-dcba-4289-a1f4-9fd5e078b698"
"Melrose Red Raiders","Melrose","MA","US","MYCGL","association","d588a09e-1419-4884-839a-5ca1b1beb81e"
"Melville Millionaires","Melville","SK","CA","MHL-SK","association","52e850cd-61fa-4374-baff-70b1f6b0f5dc"
"Memphis Jr Riverkings","Olive Branch","MS","US","SYTHL","association","b9ef88a9-8b76-47b9-97b4-927e6987fd3f"
"Menomonie Mustangs","Menomonie","WI","US","WAHA","association","513a9123-f814-4bf0-ab89-54c4898d11db"
"Mentor Cardinals","Mentor","OH","US","CSHL","association","8dfc04c5-5045-4a89-a67a-0c0853c08bb6"
"Meramec Sharks","St Louis","MO","US","MoAm","association","144f657a-a96e-4da3-8bbd-800158f04b22"
"Mercer Chiefs","Hamilton","NJ","US","AHF","association","07d597fa-c475-4fe6-a8c9-fb9261affa6b"
"Mercier Braves","Mercier","QC","CA","LHGM","association","95ade778-568d-4cc3-82a4-082466080cef"
"Mercyhurst Jr Lakers","Erie","PA","US","Independent","association","1b9df63b-d74e-47b0-b070-db9351067a9a"
"Merrill Bluejays","Merrill","WI","US","WAHA","association","c9c24852-309a-40e2-8945-c9d5d552a7e0"
"Merritt Jr Centennials","Merritt","BC","CA","OMAHA","association","0297a01e-5053-4172-bab9-ef675ba542ab"
"Mesabi East Giants","Hoyt Lakes","MN","US","MN12","association","7fedd362-00c5-4af4-aea1-1bcd41d76661"
"Metabetchouan Royals","Metabetchouan","QC","CA","SLJ","association","0ac78d0d-9929-45c5-ad18-1a7180da4208"
"Methuen Rangers","Methuen","MA","US","VHL","association","3c260664-6a30-427a-ae19-ca8609ef1427"
"Metro East Inferno","Dartmouth","NS","CA","NSFHL","association","c58d5683-ba59-4373-b15c-23e25f360828"
"Metro Jr Jets","Mount Clemens","MI","US","Adray","association","82b81142-ea57-4878-8f3a-2871c948aff6"
"Metro Militia","Bayonne","NJ","US","NJYHL","association","1191f45d-a06f-4776-b910-05976dd50085"
"Metro West Force","Halifax","NS","CA","NSFHL","association","f583bca9-ff30-46cc-8a14-5f67a6c48b7c"
"Miami Jr Redhawks","Oxford","OH","US","BTHL","association","86cba1e9-f23d-4743-8b93-add959143db7"
"Miami Rockets","Miami","MB","CA","PVMHA","association","252aed78-2aba-4613-aadb-954f415f3653"
"Miami Toros","Miami","FL","US","SFHL","association","959f774b-d77b-43cb-aa2b-7750f9373704"
"Mid Fairfield CT Stars","Norwalk","CT","US","CHC","association","a638b23e-b792-4280-9083-ad5013bb197b"
"Mid Missouri Tigers","Jefferson City","MO","US","MoAm","association","e78ed30e-cc8c-45fd-8f83-556ed657ab8d"
"Mid-Fairfield Hockey Club","Stamford","CT","US","BEAST","association","38071a34-f72e-4994-8957-ac116dd33bf0"
"Mid-Hudson Polar Bears","Newburgh","NY","US","EJEPL","association","ca0dc080-0662-484c-83dc-3b129ced51a2"
"Mid-Huron Huskies","Clinton","ON","CA","OMHA","association","83d96d74-8ce8-4a70-93ab-e0e1010c3f32"
"Mid-Isle Matrix","Cornwall","PE","CA","HPEI","association","755590bf-cb81-47de-a110-aa0d91a1ff4f"
"Mid-Isle Wildcats","Cornwall","PE","CA","HPEI","association","a962bcfa-2180-4f3c-9080-d4ffd96ac2b5"
"Mid-State Mustangs","Altoona","PA","US","Independent","association","b9d4fc73-4e88-4962-8113-47ac7954f1d9"
"Midale Mustangs","Midale","SK","CA","MMMHL","association","1ddbc3e2-c987-476b-ba31-8e56bb7176f8"
"Midcoast Jr Polar Bears","Lewiston","ME","US","MEAHA","association","ae3d0d1d-cea3-41c6-bd78-abf74ce60962"
"Middlebury Tigers","Middlebury","VT","US","VSAHA","association","40d408d6-9ebb-40f9-9740-a9ee02b050a0"
"Middlesex Black Bears","Byfield","MA","US","Independent","association","a35c0abd-2051-49d5-8476-68805d646751"
"Middlesex Icemen","East Boston","MA","US","E9HL","association","bf0cb657-3489-47be-9658-fcd3e74757bb"
"Middlesex Islanders East","North Andover","MA","US","EHF","association","9f15664c-88bc-4376-b4e5-e3011556b689"
"Middlesex Islanders West","Tyngsboro","MA","US","EHF","association","3704e8e0-6479-4fe4-8bed-615b87da1f57"
"Middleton Cardinals","Middleton","WI","US","WAHA","association","3f519657-5005-445e-b107-cdce1d25a06f"
"Midland Centennials","Midland","ON","CA","OMHA","association","233fc4d5-7fb6-4cb0-9032-8d00debfb7e2"
"Midland Northstars","Midland","MI","US","LCAHL","association","f8f08808-8bee-4f0a-ade0-d1c792261d06"
"Midwest 49ers","Hanover","ON","CA","OMHA","association","c3b8b455-3b54-4c64-8db2-e3191062daed"
"Midwest Blackbirds","Dyer","IN","US","CSDHL","association","16a65d87-76da-431b-a5d0-2cb02bb2d707"
"Midwest Warriors","West Des Moines","IA","US","Independent","association","1e52eb2c-5469-4134-a847-e968da83c109"
"Miles City Generals","Miles City","MT","US","TSL","association","4544e585-6341-4976-baad-1c76de15104f"
"Milestone Flyers","Milestone","SK","CA","MMMHL","association","e8e0c635-0809-473c-b6c8-5060ea598c69"
"Millbrook Knights","Milbrook","NY","US","HVHL","association","4ff5599d-aa5e-4ef5-ae99-018d9d216cb1"
"Millbrook Stars","Millbrook","ON","CA","OMHA","association","e4703937-3013-4556-b8cf-1c34ac49bf85"
"Mille-Iles Seigneurs","St Eustache","QC","CA","LHEQ","association","8793f355-5654-4ecb-bc52-e8af5ca55347"
"Millet Storm","Millet","AB","CA","CAHL","association","2b33d647-d9e1-4b8b-8ee8-30490d776cfe"
"Millwoods","Edmonton","AB","CA","EFHL","association","a519d2e7-f792-4b52-a365-3149eb10c248"
"Milton Warriors","Milton","VT","US","VSAHA","association","4f37e1c0-a79d-4837-9d55-1a85c4018c0e"
"Milton Wildcats","Milton","MA","US","MYCGL","association","099b8e84-5894-4555-ba8c-7ffd9ee12f44"
"Milton Winterhawks","Milton","ON","CA","OMHA","association","5efb9f32-e13c-481e-b710-4e436ad0e0b9"
"Milwaukee Jr Admirals","Milwaukee","WI","US","T1EHL","association","5978835a-6db1-4a22-bd7b-f947c8800a77"
"Milwaukee Winter Club","Milwaukee","WI","US","WAHA","association","7f9a72aa-c14e-41bf-8f04-d07f4b206d74"
"Mimico Canadians","Etobicoke","ON","CA","MHL","association","e2729bf9-ee9e-477f-af25-2dce54a8069f"
"Miniota","Miniota","MB","CA","Parkissimo","association","78a271c0-ac2d-4c4e-85bf-19f5c050a9ed"
"Minneapolis Storm","Minneapolis","MN","US","MN03","association","27b3ed3f-351b-4fa3-9862-177c6bf87447"
"Minneapolis Titans","Minneapolis","MN","US","MN01","association","2683d614-44f8-48a6-bc50-df80bc2df52f"
"Minneapolis-St Paul Starwhals","Minneapolis","MN","US","MN01","association","a97406ac-a4c6-47dc-91a0-781d46809600"
"Minnedosa Bombers","Minnedosa","MB","CA","Parkissimo","association","ec562c33-7b6b-4fd5-8e22-a6a0149927f6"
"Minnesota Blades","Bloomington","MN","US","Independent","association","45322de1-14b8-41bd-8f80-29a319ae9db9"
"Minnesota Blizzard","Minneapolis","MN","US","Independent","association","0ab1098b-7ff3-4212-80b0-8d2cf0d19940"
"Minnesota Blue Army","Mendota Heights","MN","US","Independent","association","20c4fd51-4459-4439-8540-414603577dcd"
"Minnesota Lakers","Champlin","MN","US","Independent","association","23297204-3fc6-47bd-a8eb-93eda8c93ff4"
"Minnesota Magicians","Prior Lake","MN","US","Independent","association","be05f47c-6829-490a-aeae-1529f65241c8"
"Minnesota Northern Wings","Hermantown","MN","US","Independent","association","635f653a-fe67-412a-97f6-82127fa9a1b8"
"Minnesota River Bulldogs","St Peter","MN","US","MN09","association","d96bbeb7-4aea-4b61-8774-a40f3406c87c"
"Minnetonka Skippers","Minnetonka","MN","US","MN06","association","5ef837aa-131b-4523-9fbb-01e0a051de00"
"Minot Wolves","Minot","ND","US","NDAHA","association","7d326b94-c9c7-4850-9e9d-0becf9bf82d5"
"Minto Mad Dogs","Minto","ON","CA","OMHA","association","1736aa5f-7fb0-4979-9455-6877fae0d182"
"Minuteman Flames","Marlborough","MA","US","EHF","association","d292534e-24ab-486e-8d28-08c64b6e7099"
"Minuteman Lady Flames","Marlborough","MA","US","NEGHL","association","87b8be4b-cf9c-4000-9532-57c4f3409bc5"
"Mirabel Concordes","Mirabel","QC","CA","LH3L","association","889d44fe-5a48-46b9-90eb-c560cb0e7c23"
"Mirable Ecole","Mirabel","QC","CA","RSEQ","association","6a401da2-8a70-432a-a377-b3d2e84e8be9"
"Miramichi Panthers","Miramichi","NB","CA","NBFAAAHL","association","ddf4c0af-a515-4161-867a-40655a67e3b5"
"Miramichi Wild","Miramichi","NB","CA","NBCMHL","association","091a683e-b34e-4130-9989-5dc2a09280d8"
"Mission AZ Ice","Peoria","AZ","US","AZYHL","association","f51177f4-fa68-4a08-9600-38b86c57e7f0"
"Mission Stars","Mission","BC","CA","PCAHA","association","84690509-727c-4a71-921f-55358349ac6f"
"Missisquoi Thunderbirds","Highgate","VT","US","VSAHA","association","ce975d5c-6d9e-4d1a-aef6-7b53434efd64"
"Mississauga Beast","Mississauga","ON","CA","GTHL","association","43866d5c-60ba-4b5e-9654-bf3c82a3fd4a"
"Mississauga Hurricanes","Mississauga","ON","CA","OWHA","association","bd7d7b0b-dc36-4a2a-9833-3041d807dab3"
"Mississauga Jets","Mississauga","ON","CA","GTHL","association","a598eb72-e88f-4834-bc6b-89fc8f4315bc"
"Mississauga North Stars","Mississauga","ON","CA","GTHL","association","85af180e-1fe5-4b31-9ff3-39b6e6ae6312"
"Mississauga Rattlers","Mississauga","ON","CA","GTHL","association","1f7e349a-a028-4e0a-934c-aa002bc5e00b"
"Mississauga Rebels","Mississauga","ON","CA","GTHL","association","d738da15-feb0-4673-88ef-7d25e303492b"
"Mississauga Senators","Mississauga","ON","CA","GTHL","association","4581fd5c-8035-412a-b271-e3a3238117b6"
"Mississauga Terriers","Mississauga","ON","CA","GTHL","association","c809c34d-098d-4087-b34e-b255e863159e"
"Mississippi Thunder Kings","Mississippi Mills","ON","CA","OBMHL","association","d8aad862-833b-4cb1-88de-de78bce8e743"
"Missoula Bruins","Missoula","MT","US","TSL","association","a41d4d34-d83a-48d4-8e8e-897a02b30eec"
"Mistral Ecole","Mont-Joli","QC","CA","RSEQ","association","9bb55b63-e5b0-4fbc-8f31-df9c483d37aa"
"Mitchell Marlins","Mitchell","SD","US","SDAHA","association","c5e11dcf-8461-42cf-b1de-c54ef67b1642"
"Mitchell Meteors","Mitchell","ON","CA","OMHA","association","c3703eea-91b9-4cde-abbf-0d62ac2dd6d1"
"Mitchell Mustangs","Mitchell","MB","CA","Eastman","association","bbef7f9f-a0d0-44c9-a8b6-3b8465cab16a"
"Mon Valley Thunder","Belle Vernon","PA","US","PAHL","association","7c24f61d-2d66-4c23-8550-e32f5ebef597"
"Moncton Hawks","Moncton","NB","CA","NBCBHL","association","816e980a-5ac4-4e6a-bb8a-a84b30a70b9b"
"Monroe Avalanche","Monroe","WI","US","WAHA","association","0e702874-537a-4d32-bd8f-6a0de575badb"
"Monseigneur Parent Ecole","Saint Hubert","QC","CA","RSEQ","association","35ea67ad-1e14-418d-acd4-10e6af06f05c"
"Mont Joli Express","Mont Joli","QC","CA","BSL","association","b0c7f398-aca9-409a-b9a7-26f39dde0511"
"Mont Royal/Outremont Devils","Outremont","QC","CA","LHGM","association","add80150-6a5f-420b-80af-1c75b765060f"
"Mont Sainte Anne College Marquis","Sherbrooke","QC","CA","RSEQ","academy","c91913ae-dc42-436d-82e9-c978d641fb6f"
"Mont Sainte Anne Ecole Vikings","Beaupre","QC","CA","RSEQ","association","7d49ce7e-1e6e-41e1-84b2-a84141ebf225"
"Mont-Bleu Ecole","Gatineau","QC","CA","RSEQ","association","3d38bea5-1cbd-40e1-910c-fef2cfd9264c"
"Mont-Laurier/Ferme-Neuve Draveurs","Mont-Laurier","QC","CA","LH3L","association","4be34045-8892-47e1-8e72-da62c5655d03"
"Montague Norsemen","Montague","PE","CA","HPEI","association","932440b7-5408-4f8a-9f09-e977ec9c2d82"
"Montana Wolves","Bozeman","MT","US","Independent","association","8dd6eeba-1400-4e9f-bdf3-a03e49254dcb"
"Montclair Blues","Montclair","NJ","US","EJEPL","association","a62407d2-40fb-4964-bfe4-2dbe8cd13ea0"
"Montgomery Ice Devils","Rockville","MD","US","AGHF","association","4aaa6e47-816b-4712-b901-59d253a203a8"
"Monticello (MAML) Moose","Monticello","MN","US","MN05","association","1583cd0f-b070-4541-8171-4ce8103804da"
"Montmagny Allies","Montmagny","QC","CA","LHQCA","association","024f0c28-7372-40d8-8218-ed20ef892685"
"Montmartre Ice Dogs","Montmartre","SK","CA","Mainline","association","5e2430b1-b302-43ef-9cb5-616197397083"
"Montreal College","Montreal","QC","CA","RSEQ","academy","629ed5f1-a6c0-43de-a009-03d045b9902f"
"Montreal East Elites","Montreal","QC","CA","MON","association","f18e9639-03d3-4ac7-9f95-3d26dbc10845"
"Montreal East Etoiles","Montreal","QC","CA","MON","association","e342a3fc-8fe6-4ce9-8b92-8e6e93a4d834"
"Montreal Hurricanes","Montreal","QC","CA","MON","association","4afcae2e-fd91-496f-83a3-05196297cb62"
"Montreal Nationals","Montreal","QC","CA","LHEQ","association","7f9d013e-3edf-4154-b54f-24b106c5fa20"
"Montreal West/Hampstead Knights","Montreal West","QC","CA","LHGM","association","46795a30-fead-40c8-91ef-744c8e632cb0"
"Montreal-Nord Nordiques","Montreal","QC","CA","MON","association","f0c1d78c-5a84-4096-b835-de106abb46b2"
"Monument Rebels","Monument","CO","US","CAHA-CO","association","ef5842fb-3ad9-4032-9e9a-fda0ba9269c0"
"Mooretown Jr Flags","Mooretown","ON","CA","OMHA","association","ba2f0aad-d12d-4008-a6c8-2d2a6252eda0"
"Mooretown Lady Flags","Mooretown","ON","CA","OWHA","association","6c8ec508-1849-478e-b4b7-966c4c26391a"
"Moorhead Spuds","Moorhead","MN","US","MN15","association","df579bf1-3937-4207-b367-4fe71e7ef116"
"Moose Jaw Warriors","Moose Jaw","SK","CA","HR","association","8af174bb-4049-4690-90d4-953ee0a3c253"
"Moose Lake Rebels","Moose Lake","MN","US","MN11","association","4b5320b5-11ec-49db-b701-192b19b47c60"
"Moosomin Rangers","Moosomin","SK","CA","MHL-SK","association","038d3c63-af9f-472d-b6f8-f382171363e2"
"Moosomin Warriors","Cochin","SK","CA","STEP","association","6e553774-c545-4daf-92e8-ca737a036e76"
"Moosonee","Moosonee","ON","CA","Indep","association","aebfb3f4-4a7a-4a40-a543-5994e0b7a2f9"
"Mora Mustangs","Mora","MN","US","MN10","association","348aaae8-3722-48b5-b1ec-f0a28e62287a"
"Morden Hawks","Morden","MB","CA","PVMHA","association","902e2943-128f-4d03-8046-7d560a446114"
"Morell Mustangs","Morell","PE","CA","HPEI","association","4f6aebb6-99ad-407c-85e4-26d4d72c2d72"
"Morgantown Blades","Morgantown","WV","US","PAHL","association","a9cf2ee7-51a9-4e36-a933-b66828897993"
"Morris Benson Area Storm","Morris","MN","US","MN15","association","18ae31d4-4312-4057-9be7-0eeb8806784a"
"Mortagne Ecole Noir & Or","Boucherville","QC","CA","LHEQ","association","013b20e6-9df3-4ec0-aecb-0586952be05b"
"Moscow Bears","Moscow","ID","US","IAHA","association","99c123ed-4f0e-49b3-8f2b-16a658170235"
"Moses Lake","Moses Lake","WA","US","PNAHA","association","120da58e-09b0-4df4-85dd-33550fe5dcbb"
"Mosinee Pride","Mosinee","WI","US","WAHA","association","a227d797-8e8a-4087-90d1-b660fd72d03c"
"Mossbank Blades","Mossbank","SK","CA","SSHL","association","aa6cca2c-b174-4cf8-92a5-608d50a885e2"
"Mound Westonka White Hawks","Mound","MN","US","MN03","association","2f48fa80-1431-4c8b-afac-ac7bd85e13ae"
"Mounds View Irondale","Mounds View","MN","US","MN02","association","194c81fc-0b6d-498f-911c-f192b14dcd44"
"Mount Academy","Charlottetown","PE","CA","CSSHL","academy","e81d3f6f-e049-485c-8a6f-7f3270abc568"
"Mount Pearl Blades","Mount Pearl","NL","CA","DJHL","association","e580820b-586b-44ba-8e64-9978b32bdebd"
"Mount St Charles Hockey Academy","Woonsocket","RI","US","NEPack","academy","d8e085d5-d81c-46fd-b50e-38bda8417bd2"
"Mount St Charles Jr Mounties","Woonsocket","RI","US","EHF","association","d2b413b1-95ab-4741-be24-d298d9b03022"
"Mountain Select","Aspen","CO","US","CAHA-CO","association","0979b816-8e6f-439b-97f8-3f975a817d5d"
"MSFN","Loon Lake","SK","CA","STEP","association","efee673c-3819-478e-9bee-f94e1d90410e"
"Mt Brydges Cougars","Mt Brydges","ON","CA","OMHA","association","cd47b28e-096b-4bc3-8a64-41187985ed8c"
"Mt Forest Rams","Mount Forest","ON","CA","OMHA","association","1876d863-54e3-414f-856f-1e9079ee6bad"
"Mt Lebanon Hornets","Mt. Lebanon","PA","US","PAHL","association","1e431922-54b3-47a5-af4b-98da87738c48"
"Mt Pleasant Patriots","Mt Pleasant","MI","US","Adray","association","69d7ed6f-52fb-42b7-9fae-2da6dbcd57a4"
"Mt Shasta Icebreakers","Mt Shasta","CA","US","Independent","association","d5215c26-a683-4b7a-a6a1-873ffbb950a8"
"Mt Washington Valley Eagles","Conway","NH","US","NHAHA","association","7b4707d7-5e19-4602-87e5-a4ea3c240449"
"Muenster Flyers","Muenster","SK","CA","ECMHL","association","1e55292e-70fd-4802-9de9-0c360cc219b2"
"Munising Islanders","Munising","MI","US","CUP","association","c240a74d-99a3-4589-b9cf-80722ae3b975"
"Music City Marauders","Nashville","TN","US","Independent","association","261632c0-dbd2-4ccc-9399-59add8c92937"
"Muskeg Lake Blades","Muskeg Lake","SK","CA","SVMHL","association","c1faaa4c-50b5-474e-9773-ffae23f16f3f"
"Muskoka Rock","Port Carling","ON","CA","MOMHL","association","027d256d-a2a0-4ebc-84a5-c6b15ab2e5a6"
"Muskrat Voyageurs","Cobden","ON","CA","UOVMHL","association","a38cc65e-5da6-4ae4-9895-3f2a36ef7e30"
"MyEdge Hockey","Minneapolis","MN","US","Independent","association","42188f1b-afd6-4765-8ce9-d97cfa563bbf"
"Naicam Vikings","Naicam","SK","CA","NEMHL","association","150d207c-68ab-4d58-9cde-03687ef4c62d"
"Nakusp Falcons","Nakusp","BC","CA","WKMHA","association","6996719c-4209-4170-ab60-0f69ad23cdce"
"Nanaimo Jr Clippers","Nanaimo","BC","CA","VIHL","association","7a4de9e0-c3ee-44c5-b3ce-286c7b513650"
"Nanton Palominos","Nanton","AB","CA","CAHL","association","379605a3-bd9b-4fcf-b8ce-bdf98ed74ebc"
"Nantucket Nor'Easters","Nantucket","MA","US","SCHL","association","b8382867-8656-4523-9f3f-30c2a1de28aa"
"Napanee Crunch","Napanee","ON","CA","OWHA","association","af45301c-9ca9-4f80-9fff-fc4af6fe1550"
"Napanee Stars","Napanee","ON","CA","EOMHL","association","c57d5f6c-5419-461e-a4a6-d32e66e72c1b"
"Naperville Sabres","Naperville","IL","US","CSDHL","association","90acc28c-bb15-42b0-87b6-1bfd8b04cfdb"
"Napierville Mustangs","Napierville","QC","CA","LHER","association","9928c683-173d-4ea6-8a68-75eac2205dab"
"Nashoba Grizzlies","Westford","MA","US","MYCGL","association","28a25ef3-b804-4aa3-8315-6c27cb223f06"
"Nashville Flyers","Nashville","TN","US","SESCL","association","e5d48a97-426f-4e08-b67c-3b1d143b8254"
"Nashville Jr Predators","Nashville","TN","US","SYTHL","association","94af88c6-b7bc-4f1c-a83c-13d7f7aeaea1"
"Nashville Warriors","Nolensville","TN","US","Independent","association","632dd21e-6032-4978-a314-ee7000d9d4e0"
"Nassau County Lions","Hicksville","NY","US","EJEPL","association","8d2b4499-2dea-466f-ae61-1da0c1449464"
"Natick Comets","Natick","MA","US","MYCGL","association","71a23ddb-79de-43eb-8d3f-c92986130653"
"Navy Rams","Annapolis","MD","US","CBHL","association","fb3334dd-8736-492f-9100-b9927b44d1fd"
"NC Golden Bears","Raleigh","NC","US","ACHC","association","dfb16f37-f89d-4693-b6a8-49796a3cf3d4"
"NEBC Trackers","Fort St John","BC","CA","AEHL","association","d2d631ac-d6ae-4f33-8b74-b81fafb2f3a3"
"Neebing Hawks","Thunder Bay","ON","CA","HNO","association","995c4685-042b-4c7c-a0c4-221d6783a6a0"
"Needham Rockets","Needham","MA","US","MYCGL","association","d3ee2ac2-809f-4159-912c-95f975df31c2"
"Neepawa Titans","Neepawa","MB","CA","Parkissimo","association","46fac675-edc8-4a4c-a653-64fadf401482"
"Neilburg Monarchs","Neilburg","SK","CA","STEP","association","67790c92-7732-4cdc-8b3e-c368347e9974"
"Nelson House","Nelson House","MB","CA","Norman","association","a7e73dad-2fd3-4a9e-ad70-6bb0e01f8332"
"Nelson Jr Leafs","Nelson","BC","CA","OMAHA","association","6a7380e8-1a78-4b6d-a6d2-5713b4645199"
"Nepean Raiders","Nepean","ON","CA","HEO","association","96a1e006-cd16-4401-bcb9-71721dbac61c"
"Nepean Wildcats","Nepean","ON","CA","OWHL-E","association","6b1d03ac-91cc-4f7a-a0b2-1106f2abb13a"
"Neponset Valley River Rats","Canton","MA","US","BEAST","association","434675b3-e990-496c-a1f0-79c19a28bec3"
"Nest Hockey Academy","Wesley Chapel","FL","US","SFHL","academy","c7ecb4f3-1f67-47bd-890b-d18ed533452d"
"New Brunswick Selects","Moncton","NB","CA","Independent","association","93882507-1b14-44cc-a1f5-1463a8f1b73c"
"New Canaan Winter Club","New Canaan","CT","US","AHF","association","3cfca578-e593-48ed-8d68-72d11aad3603"
"New England Bulldogs","Billerica","MA","US","EHF","association","f0e8a5a0-38fb-4bf1-bf78-4e25036a8bf9"
"New England Jr Hawks","Nashua","NH","US","E9HL","association","59515244-dd4d-4602-b74b-5a2e388f3d97"
"New England Knights","Raynham","MA","US","E9HL","association","65c1ee85-7a4b-4c59-9391-8aa17a7788c0"
"New England Predators","Haverhill","MA","US","PHL","association","aae86e8f-1abc-4173-ae71-03318fa59731"
"New England Stars","Tyngsboro","MA","US","PHL","association","deee8d10-80e3-4fa0-873e-45ef0a59309f"
"New England Wildcats","Hookset","NH","US","NEGHL","association","94c62666-528a-440c-bd41-62aebf8feaa1"
"New England Wolves","Laconia","NH","US","NHAHA","association","102ec0c6-4876-4b69-a998-41a6b609c650"
"New Hamburg Huskies","New Hamburg","ON","CA","OMHA","association","4e4daa2d-43e4-4194-b3b4-6242412c30c7"
"New Hampshire Avalanche","Hooksett","NH","US","E9HL","association","77e22a80-ee4b-4e07-a1d7-427d409b57df"
"New Hampshire Mountain Kings","Hooksett","NH","US","BEAST","association","7dc2b146-fc57-4e23-8658-5ab0b87c7ef0"
"New Hampshire Selects","Wolfeboro","NH","US","NHAHA","association","7009450a-6182-4b38-b7b4-5a21c687291b"
"New Hartford / Whitestown","New Hartford","NY","US","CNY","association","e0eae164-bd21-42bb-9e59-bb2b0bf97902"
"New Jersey Bandits","Wayne","NJ","US","AGHF","association","3945031f-b77c-4cb0-96ad-c9e38e561929"
"New Jersey Colonials","Morristown","NJ","US","AYHL","association","b2d692c6-986b-471b-9ee4-b54d08d38b64"
"New Jersey Devils","West Orange","NJ","US","AYHL","association","153777c2-d7fe-470c-937e-87e925977618"
"New Jersey Falcons","Englewood","NJ","US","NJYHL","association","d6cfad46-9048-4688-9da0-dacae942e066"
"New Jersey Ice Dogs","Hackensack","NJ","US","HVHL","association","03262fc0-79e1-4f3b-90c2-4eeeae38140a"
"New Jersey Jets","Randolph","NJ","US","AHF","association","5e5eb23e-33e6-4f6b-81a8-77ccb2b84400"
"New Jersey Jr Titans","Middletown","NJ","US","AYHL","association","86407271-4a92-45ef-adbb-32af4ae3790e"
"New Jersey Rams","Ramsey","NJ","US","Independent","association","fa247b3d-5376-4704-8199-c3e4ef6e7e91"
"New Jersey Rockets","Bridgewater","NJ","US","AHF","association","983c2cce-b133-4e94-a3e6-234b11d214b8"
"New Mexico Ice Wolves","Albuquerque","NM","US","RMHF","association","d705a968-f060-4ad3-8f48-ab7c1bea5a89"
"New Mexico Mustangs","Los Alamos","NM","US","CGHL-CO","association","eedf346d-6c5b-4552-b7a7-e76f43ac39e5"
"New Mexico Scorpions","Rio Rancho","NM","US","LOEAHA","association","79e2dce4-2d5f-4fc1-9713-812d001e3dbc"
"New Mexico Warriors","Rio Rancho","NM","US","Independent","association","f081bc3f-7ab9-48a2-ab68-ac4c70132da6"
"New Prague Trojans","New Prague","MN","US","MN06","association","34c82e1f-fe56-4a73-ba85-5ae6c5189331"
"New Richmond Tigers","New Richmond","WI","US","MN02","association","be51cf3c-fc94-4ea5-9edb-512b4c8b4dbd"
"New Rochelle Lightning","New Rochelle","NY","US","HVHL","association","02038ec3-9c9b-49c9-86c9-346b30a00b61"
"New Sarepta Eagles","New Sarepta","AB","CA","CAHL","association","c1e24e0f-88ee-45ad-a523-31e6b22e9cf9"
"New Tecumseth IceCats","Alliston","ON","CA","OWHA","association","f1e50e62-ec75-463f-b938-2685bf0f2d11"
"New Ulm / Sleepy Eye","New Ulm","MN","US","MN04","association","f1e4c2a4-5812-4fe8-91eb-339ff794c32b"
"New Waterford Sharks","New Waterford","NS","CA","NCHL","association","7244dadb-8710-46de-8ce8-65751c60a1f0"
"New Westminster Royals","New Westminster","BC","CA","PCAHA","association","7280022b-5b6b-44b6-a134-a8b53bdf9b72"
"New York Aviators","Brooklyn","NY","US","HVHL","association","dcd90736-bbc3-47e7-9dae-b29154b19f2f"
"New York City Cyclones","New York","NY","US","EJEPL","association","bac634c9-746b-4bf6-a7c5-22f881a0ed83"
"New York Ice Cats","Manhattan","NY","US","HVHL","association","c45cf52c-ab2c-4eb9-8cc9-d8396dcdc345"
"New York Islanders","East Meadow","NY","US","AGHF","association","6d432ac4-5b7c-4570-bb1d-581112f427ec"
"Newark Generals","Newark","OH","US","BTHL","association","c330e2f0-6f28-481c-a986-ea6e448962d0"
"Newburyport Clippers","Newburyport","MA","US","VHL","association","928453e8-8953-40f4-80d6-9efd7c4a45d2"
"Newcastle Stars","Newcastle","ON","CA","EOMHL","association","b502c4c5-daaf-4bdc-a585-b8a9dae71cac"
"Newmarket Renegades","Newmarket","ON","CA","OMHA","association","c7aeb7bb-448a-4679-9b37-86f420cf6073"
"Newport Whalers","Middletown","RI","US","SCHL","association","589953d8-48df-45ff-b630-aefc815c516b"
"Newton Tigers","Newton","MA","US","VHL","association","329e5e5f-a37d-44d8-bd91-19d2ecc03cd7"
"NEZ Chill","Edmonton","AB","CA","EFHL","association","de560025-81a7-492b-949c-fe83a1e0f6c0"
"NGS Braves","Maxville","ON","CA","UCMHL","association","4deca6c4-c4cb-4130-a76c-39cd0d9f070b"
"NH East Eagles","Exeter","NH","US","NHAHA","association","ddde3284-0933-47d2-a023-d5f5b69296d3"
"Niagara Falls Canucks","Niagara Falls","ON","CA","NDHL","association","809f4751-4f07-4404-86b8-6f88728a6850"
"Niagara Falls Rapids","Niagara Falls","ON","CA","OWHA","association","3fcaff23-f664-449b-aae6-4e70443a52a2"
"Niagara Jr Purple Eagles","Niagara Falls","NY","US","GLGHL","association","3ca09d15-7704-4114-b675-d65dac3dd45e"
"Niagara North Stars","St Catharines","ON","CA","OMHA","association","4eb5ca1c-3c4c-4e54-90f7-f5f0e1421a0c"
"Niagara-On-The-Lake Wolves","Niagara-on-the-Lake","ON","CA","NDHL","association","834e3959-e295-48ec-a05c-42ba81f7e247"
"Nichols School","Buffalo","NY","US","WNYAHL","academy","f1acf40e-4960-48f3-a1fa-597b463e8740"
"Nickel City Cubs","Val Caron","ON","CA","NDMHL","association","e2c93a7e-265e-4dbe-8d32-362bb4a92616"
"Nicolas Gatineau Polyvalente","Gatineau","QC","CA","RSEQ","association","2eb668af-2dba-4bfa-a035-988d7e3d0cd6"
"Nicolet Panthers","Nicolet","QC","CA","LHQCA","association","4ad45003-105c-4462-9d79-47b4163693d2"
"Niles Rangers","Niles","IL","US","NWHL","association","a7cb85d2-59a3-4578-9824-0fe9ee0a86ca"
"Nipawin Hawks","Nipawin","SK","CA","NEMHL","association","c5d96680-ebb6-426f-8f34-4eaa9d90f0e4"
"Nipigon Elks","Nipigon","ON","CA","HNO","association","cb437838-209c-49e7-856f-1204fabacf89"
"Niverville Clippers","Niverville","MB","CA","Eastman","association","59558105-22c2-4bc6-9e0e-a13c6dbbb048"
"NoCo Jr Eagles","Fort Collins","CO","US","CAHA-CO","association","7b35f90c-abbd-4e85-b6b0-4c58f7b88758"
"Nonotuck Knights","Easthampton","MA","US","GSL","association","72d6ae25-32b6-48ed-acf1-78954a160a75"
"Nord Ouest Pionniers","St Leonard","NB","CA","NBD1&2","association","93ff69c0-7d1a-44e3-99cc-4ed626c9ec4b"
"Norfolk Hericanes","Simcoe","ON","CA","OWHA","association","f4a87198-a991-4fc6-b201-96b34b83aed9"
"Norfolk Knights","Port Dover","ON","CA","OMHA","association","ed4f4c42-cfe5-412e-8d17-2168bbcfa8d1"
"Norfolk-Norwood Icemen","Norwood","NY","US","NNYSHL","association","59aa6f7b-2c31-4c49-85ce-27545982a71b"
"Norman Northstars","Thompson","MB","CA","MMHL","association","3b4e0e45-63f8-4090-af81-f922dc9437f5"
"Noroit Gouverneurs","Quebec City","QC","CA","LHQCA","association","8e451451-b4b3-4718-8f85-ec0b4d017046"
"North American Hockey Academy","Wellesley","MA","US","E9HL","academy","8e3669d2-c652-4f1f-8a2e-8806bda16ff7"
"North Andover Knights","North Andover","MA","US","VHL","association","16687e78-a1d7-4bb4-9a1c-ae660db39666"
"North Bay Junior Lakers","North Bay","ON","CA","OWHA","association","9072851a-32a3-4806-a839-257a01bd17a0"
"North Bay Trappers","North Bay","ON","CA","NDHL-N","association","76da167e-6d2b-4707-b5c8-6d21320cef60"
"North Bay Trappers AAA","North Bay","ON","CA","NOHA","association","8f1172e9-4137-4173-9d45-87d980954be5"
"North Branch Vikings","North Branch","MN","US","MN10","association","65709659-8f6c-43cb-b447-14a3b4a6bb1a"
"North Central Mass Sting","Gardner","MA","US","VHL","association","7c8e6226-5fc1-4413-978a-0f6482d496ab"
"North Central Predators","Orillia","ON","CA","OMHA","association","91dda3ed-7bb1-4197-86cb-f0c8814ab373"
"North Channel Lightning","Desbarats","ON","CA","Independent","association","bf0c8269-f0cb-4c77-96a9-b04cf465bd86"
"North Country Cougars","Rouses Point","NY","US","NNYSHL","association","6ac3656c-46bd-47ef-9404-9adfddcfad8b"
"North Delta Sun Devils","Delta","BC","CA","PCAHA","association","e56e8a18-9acf-4031-92b7-98a7d51c5588"
"North Dundas Demons","Winchester","ON","CA","UCMHL","association","b50cf2a5-8867-4eb1-8408-328a3f66648c"
"North Durham Blades","Uxbridge","ON","CA","OWHA","association","7e5c4b53-919a-4e61-951d-94ff2ada9042"
"North Durham Warriors","Uxbridge","ON","CA","LHL","association","947ff1d6-a802-4d3b-9e89-50f5b05217f8"
"North East BC Predators","Fort St John","BC","CA","Indep-G","association","f5558ee5-2c06-4e76-8227-05ea62d2afab"
"North End Flames","Thunder Bay","ON","CA","HNO","association","8622785d-7c52-4239-ba53-636e0fd6d61c"
"North Franklin Shamrocks","Fort Covington","NY","US","NNYSHL","association","17d40645-806e-409b-9d14-12db20230079"
"North Halton Twisters","Georgetown","ON","CA","OWHA","association","9254e8eb-ce81-4749-930d-a085644efcbb"
"North Jersey Avalanche","Hackensack","NJ","US","AHF","association","8b8a4d2d-8a3d-414d-9791-57307e619982"
"North Lakeland Bucks","Presque Isle","WI","US","WAHA","association","f506ffc5-fda2-4db7-ad1f-bbaa0a08a119"
"North London Nationals","London","ON","CA","OMHA","association","e6427a25-5c12-4159-981e-e2b2a1b0f6be"
"North Metro Pirates","Brooklyn Park","MN","US","MN03","association","3a88a046-f561-42ad-abc3-386fb4e91c28"
"North Middlesex Jr Stars","Parkhill","ON","CA","OMHA","association","1f977e9b-f4b3-4d5b-a555-033f28020bc6"
"North Okanagan Knights","Armstrong","BC","CA","OMAHA","association","00139f5b-f68d-4007-8045-3a6e57185ff5"
"North Olmsted Eagles","North Olmsted","OH","US","CSHL","association","b62e7045-223d-4dcc-b029-b92a73e6e0be"
"North Park","New York","NY","US","EJEPL","association","3fb515be-8f76-4fd9-bd5c-76b26c4a240c"
"North Pittsburgh Wildcats","Marshall Township","PA","US","PAHL","association","fa5901d5-b77c-4bec-8bce-c8cdf952ac17"
"North Reading Hornets","North Reading","MA","US","VHL","association","51a68cb7-ad50-4c1b-9baf-bf2a15cccdf7"
"North River Flames","Cornwall","PE","CA","HPEI","association","ff925190-a662-4bad-9a0b-77da57f0745f"
"North SEERA","Edmonton","AB","CA","EFHL","association","3ac8218b-9981-4fef-843f-7d4533f6b4d3"
"North Selects","St Jerome","QC","CA","LHEQ","association","75e18131-3d44-440c-97cc-7372d3147494"
"North Shore Avalanche","North Vancouver","BC","CA","PCAHA","association","02c39ee0-67b3-4fe7-89f5-981db6dfb91a"
"North Shore Shamrocks","Wilmington","MA","US","EHF","association","0ca8e02d-be55-457d-94b6-d49a42cfac3f"
"North Shore Storm","Silver Bay","MN","US","MN11","association","095aeed3-d0b4-49a7-b589-986e66fa622d"
"North Shore Vipers","Tewksbury","MA","US","NEGHL","association","be56dd57-c556-433e-8b93-d4c60ab7e323"
"North Shore Warhawks","Winnetka","IL","US","MSGH","association","549b8929-70c1-4893-bfce-8bafe410bdfc"
"North Shore Warriors","North Vancouver","BC","CA","CSSHL","association","13c5e03d-4c5c-4255-ba9c-eb4a5bdb1ce7"
"North Shore Whitecaps","Bowmanville","ON","CA","OMHA","association","316d67df-2cbf-482a-9428-1e96ff458077"
"North Shore Winter Club Winterhawks","North Vancouver","BC","CA","PCAHA","association","4625dea8-e84e-472a-ac62-6d045b922577"
"North Simcoe Capitals","Midland","ON","CA","OWHA","association","d0bcd03e-1180-4a91-93a4-498ebabfc225"
"North Suburban Wings","Middleton","MA","US","BEAST","association","df8a664b-0a3b-473e-a3a3-ec56d668a977"
"North Toronto","Toronto","ON","CA","GTHL","association","63b66206-2c91-42de-868b-a7d770b581fc"
"North Vancouver Storm","North Vancouver","BC","CA","PCAHA","association","a74e609f-8a13-4a6b-8682-0593a9d3ac77"
"North West Bulls","Hartland","NB","CA","NBD1&2","association","a493de7b-f2d6-4ea4-974a-80bf98753ebf"
"North York Knights","North York","ON","CA","GTHL","association","a04c0810-b84b-460f-89a3-a2ea8ba66f57"
"North York Rangers","North York","ON","CA","GTHL","association","a9bb5c21-daa3-4aef-99f7-cd96a10d0c3a"
"North York Storm","Toronto","ON","CA","OWHA","association","ae6053de-b5af-4d1a-aaad-2db45856aa75"
"Northbrook Bluehawks","Northbrook","IL","US","CSDHL","association","eae23122-3912-4c2a-a497-436b11c14a73"
"Northeast Eagles","St John's","NL","CA","DJHL","association","244de3d1-6b13-484e-abf6-77bb384ed10f"
"Northeast Generals","Bridgewater","MA","US","EHF","association","3155183b-0247-4e67-a355-a15351242c9c"
"Northeast Wolfpack","Melfort","SK","CA","SAAHL","association","b25b7611-2ac5-4c56-8f0d-1701fa2879f0"
"Northern Alberta Xtreme","Edmonton","AB","CA","CSSHL","association","79fb6324-7c05-4ad1-933c-a1a7b1a4e232"
"Northern Berkshire Black Bears","North Adams","MA","US","NNYSHL","association","e56ecec5-5680-439f-90f0-aa9f449238a6"
"Northern CT Nor'Easter","Simsbury","CT","US","BEAST","association","55b8dea1-3f81-47c6-8d69-f3f6d788800d"
"Northern Cyclones","Hudson","NH","US","EHF","association","c6b16fe3-b097-4a98-8e3c-aaf875a336c9"
"Northern Express","Park Ridge","IL","US","CSDHL","association","fbb177e3-e4c9-4f28-a493-c910f8a3179a"
"Northern Hills Chinook","Spearfish","SD","US","SDAHA","association","c8858c30-9748-489a-83e2-bf3e9f73f023"
"Northern Kentucky Norse","Covington","KY","US","BTHL","association","21a094d5-556b-47d9-b8d2-425965951e03"
"Northern Lakes Lightning","Pequot Lakes","MN","US","MN15","association","f23dc7fb-b1f2-4035-8561-0f7f08227a5c"
"Northern Tier Stars","Isanti","MN","US","MN10","association","77cbe489-56e3-45dd-a38b-28f03c358e82"
"Northern VA Ice Dogs","Alexandria","VA","US","CBHL","association","fef0b460-4cc0-4c17-afd6-a863b7116b17"
"Northfield Raiders","Northfield","MN","US","MN09","association","501c6844-8d6b-4529-bfcd-cb33e5bd3f4a"
"Northshire Bulldogs","Manchester","VT","US","VSAHA","association","48d8fa09-f7df-42f6-b918-e75f3bd6b7e9"
"Northside Vikings","Sydney Mines","NS","CA","NCHL","association","d009bf4e-6939-4d66-9289-6176c12a8678"
"NorthStar Christian Academy Knights","Alexandria","MN","US","NAT1HL","academy","a32748aa-b699-498a-954a-47ef5af1a331"
"Northumberland Bruins","Murray River","PE","CA","HPEI","association","37630543-80e0-44f1-9f36-a40328927778"
"Northumberland Nighthawks","Cobourg","ON","CA","LHL","association","d9c5dbf0-b63f-4042-aad2-f01fbe1da8b9"
"Northwest Chargers","Mount Prospect","IL","US","CSDHL","association","78e7bcc5-07f8-401e-ab32-41915d459659"
"Northwest Warriors","Calgary","AB","CA","HC","association","6c002bd2-261a-4af1-a562-c2001822f062"
"Northwestern CT Icehawks","New Milford","CT","US","CHC","association","c9f62307-bf9a-449e-b172-3a5098087709"
"Northwood Ice Storm","Northwood","ND","US","NDAHA","association","67a4027e-4bc5-4e15-bad2-7c07a856478f"
"Northwood School","Lake Placid","NY","US","JWHL","academy","2454c236-03b1-4e01-875b-0a21299d4082"
"Northwoods Excalibur","San Antonio","TX","US","Independent","association","636af7f3-52e6-48a1-8d32-eeb3f7732ae4"
"Norway House Northstars","Norway House","MB","CA","Norman","association","925f7336-6a93-4bd1-a4ae-c057c191dc96"
"Norwest Stars","Thunder Bay","ON","CA","HNO","association","c51d9684-8d20-4711-b28c-2f802cf4f0a5"
"Norwich Hockey Club","Norwich","CT","US","UT1HL","association","9498c7d6-cf7c-4e05-8b9f-a471397edabf"
"Norwood Hornets","Norwood","ON","CA","EOMHL","association","475f9dc4-1c36-4a7d-9883-38bc0ccba50a"
"Norwood Nuggets","Norwood","MA","US","MYCGL","association","d8dae888-371d-4d72-9d9e-4432ffb39c23"
"Notre Dame College Montreal","Montreal","QC","CA","RSEQ","academy","980a4230-1138-49f2-b1fb-32409a768e66"
"Notre Dame Hawks","Notre-Dame-de-Lourdes","MB","CA","PVMHA","association","292d489f-3367-4a96-9ed0-5e5d11d7d0a9"
"Notre Dame Hockey Academy","Utica","NY","US","THF","academy","1903a730-d9bb-4b5a-9911-ba27f7dc0a60"
"Notre Dame Hounds","Wilcox","SK","CA","CSSHL","association","c1b66ded-3c1e-4d1c-8767-6c6078fe2c2c"
"Notre Dame Panthers","Montreal","QC","CA","MON","association","75809fee-4884-452f-8869-a1a0c5b36ddd"
"Novi Ice Cats","Novi","MI","US","LCAHL","association","f1a50ff0-8a72-4c38-a5db-d5f810a71eb1"
"NRI Vikings","Greenville","RI","US","PHL","association","a6c4e3d3-c627-47be-b459-700d67685a89"
"Nutley-Clifton HC","Nutley","NJ","US","EJEPL","association","1520732d-6ad7-4f20-b660-92ff76823561"
"NW Arkansas Ice Hogs","Springdale","AR","US","MoAm","association","3035943a-bf07-416f-9ae8-37cd4a0d3f05"
"NWZ Hockey","Edmonton","AB","CA","EFHL","association","efec7d2e-4288-49f3-b395-438098f8540c"
"NY Dynamo","Clifton Park","NY","US","AGHF","association","53990484-aaad-4bf3-a984-54f0ef07712c"
"O'Leary Maroons","O'Leary","PE","CA","HPEI","association","36719081-d4ab-45df-bbc1-25832b7e8250"
"Oahe Capitals","Pierre","SD","US","SDAHA","association","a9750a8d-51b1-46b0-a535-143571206940"
"Oak Creek Kodiaks","Oak Creek","CO","US","CAHA-CO","association","3699bd95-878c-4314-b522-f75765015e42"
"Oak Lake Ice Bandits","Oak Lake","MB","CA","SWRHL","association","0852a3da-a408-4f77-9205-7a10dc2abc27"
"Oak Park Ice Bears","Oak Park","IL","US","NWHL","association","c83f7ae8-61af-4f0d-9a18-68d105c0addf"
"Oakland Bears","Oakland","CA","US","CAHA","association","c8efdfa7-4992-422e-a65f-ebf1cc27a384"
"Oakland Jr Grizzlies","Troy","MI","US","LCAHL","association","59345232-46b5-442d-9541-a482ab3ace9c"
"Oakridge Aeros","London","ON","CA","OMHA","association","67ed69d4-b110-408c-b216-012de6322339"
"Oakville Hornets","Oakville","ON","CA","OWHA","association","92a4865f-8bad-416f-a009-1d9b78715c99"
"Oakville Rangers","Oakville","ON","CA","OMHA","association","85cbabd0-2db9-42fa-a50a-9a8000e6f062"
"Oakville Seals","Oakville","MB","CA","CPMHA","association","2ff4e22e-f57e-409d-84fc-1a8279a7451f"
"Oceanside Jr Generals","Parksville","BC","CA","VIHL","association","06ab9cf2-76b0-435d-a2fd-5b0eaaf6e887"
"Ochapowace Thunder","Ochapowace","SK","CA","MHL-SK","association","e113a7d2-bfcf-4c47-8a9c-6999c6d7447a"
"OCN Blizzard","Opaskwayak","MB","CA","Norman","association","96054785-42a0-4a4f-9cf0-999d8a68a528"
"Odessa Jr Jackalopes","Odessa","TX","US","THL","association","948b039d-57b0-4120-a2fa-784eb2e13944"
"Odyssee Ecole","Chicoutimi","QC","CA","RSEQ","association","32d671de-6b33-49ab-9a99-f404b75a2d7e"
"Ogdensburg Maple Leafs","Ogdensburg","NY","US","NNYSHL","association","222370b7-87d8-45d4-9bad-f9a764d7926c"
"OHA Edmonton","Edmonton","AB","CA","CSSHL","association","c5de3e0d-7374-43fd-9f4c-5a87097aa32f"
"Ohio Blue Jackets","Columbus","OH","US","T1EHL","association","7c87fbab-e413-4624-bb16-6f71f6ad7d7d"
"Ohio Prospects","Cleveland Heights","OH","US","THF","association","beb83fd5-e70c-4f28-9ccf-0903a7238de4"
"Ohio Rivermen","Wooster","OH","US","Independent","association","6186bc01-f378-4a29-937e-19e4cba55a57"
"Okanagan Hockey Academy (BC)","Penticton","BC","CA","CSSHL","academy","777e0c6d-286e-4547-be2f-654a32d8e591"
"Okanagan Hockey Colorado","Centennial","CO","US","CAHA-CO","association","10b814cc-950b-40af-b431-f00a9a257c65"
"Okanagan Hockey Ontario","Whitby","ON","CA","CSSHL","academy","34d16978-9e8d-4bac-8865-b667a62991e5"
"Okanagan Rockets","Kelowna","BC","CA","BCEHL","association","5c47fe4d-ff3d-4e3b-ac7d-a3e51a1a5203"
"Oklahoma City Blazers","Oklahoma City","OK","US","THL","association","9e3b4ae5-f325-4eef-842b-81daf929b87b"
"Okotoks Oilers","Okotoks","AB","CA","AEHL","association","83986f2f-4354-4b7d-a0c9-ae592e84ed02"
"Old Bridge Jr Knights","Old Bridge","NJ","US","NJYHL","association","dc0209d9-cb21-4b79-97aa-c58b47d2dafd"
"Olds Grizzlys","Olds","AB","CA","CAHL","association","1a99513e-3ad8-4b04-97e0-7f568fe667e8"
"Olean Arrows","Olean","NY","US","MOHL","association","802346e7-2c41-4828-ac4b-08bbdfd4dc4e"
"Omaha Jr Mavericks","Omaha","NE","US","MwHL","association","54cc1ac7-f28c-4398-acd6-52a7322f3a21"
"Omaha Mastery","Omaha","NE","US","NAT1HL","association","6da1e214-cfa7-418f-9419-a40f34845bd3"
"Onalaska Tornado","Onalaska","WI","US","WAHA","association","ba9cf0a3-3f63-4014-9293-eff7843272c1"
"Onion Lake Border Chiefs","Onion Lake","SK","CA","NEAHL","association","84f99998-036b-4db9-9c3c-4e7878884f3e"
"Ontario Empire","Ontario","CA","US","CAHA","association","90ccf911-786e-4299-8960-b3ddbdd8fa13"
"Ontario Hockey Academy","Cornwall","ON","CA","CSSHL","academy","c400aea2-1919-4cc2-8d62-92a94c607b87"
"Ontonagon","Ontonagon","MI","US","Independent","association","c0e7b74d-9042-4091-9e4d-b2f6112d68d7"
"Orange County HC","Yorba Linda","CA","US","CAHA","association","40bb6416-0147-420c-8312-58c10e70f0d6"
"Orangeville Flyers","Orangeville","ON","CA","OMHA","association","a3013e37-de5e-4a2a-aa54-3dd4ae0f9e17"
"Orangeville Tigers","Orangeville","ON","CA","OWHA","association","46a48728-12b7-48fb-9e4f-6d64dd0c5693"
"Orchard Lake United","Orchard Lake","MI","US","LCAHL","association","4484a9f6-6972-4a23-aa4c-93056ea2a87f"
"Oregon Panthers","Oregon","WI","US","WAHA","association","f23f72d1-6e70-403f-b669-ff7be7764a6f"
"Orillia Hawks","Orillia","ON","CA","OWHA","association","427772ed-3354-4428-a69c-9dc39db7a79f"
"Orillia Terriers","Orillia","ON","CA","OMHA","association","2d24ae56-4b4e-48e0-9ce1-ee6147ae621d"
"Orland Park Vikings","Orland Park","IL","US","CSDHL","association","0d7d3741-2650-4b55-a7f5-8fbc8eb2cb21"
"Orleans Rush","Orleans","ON","CA","GHA","association","95f0c3c0-874a-4c26-86a9-2db1e7d3f66b"
"Oro Thunder","Oro","ON","CA","MOMHL","association","e2e89080-c72e-4397-9572-538be20dccf6"
"Oromocto Eagles","Oromocto","NB","CA","NBCMHL","association","e11f6b48-e57e-4d10-9693-f1991fc9de78"
"Orono Leafs","Orono","ON","CA","OMHA","association","aeb17c8d-e83d-4ce0-b724-28485c4f9904"
"Orono Spartans","Orono","MN","US","MN03","association","cdd05296-3d2f-416d-8ba7-be29388db1d3"
"Orono Westonka Warriors","Orono","MN","US","MN03","association","c62b201a-4aa9-4610-8474-d866c03a918a"
"Osgoode Rideau Senators","Osgoode","ON","CA","LCMHL","association","77bc466c-7075-4a27-8175-6433ebd76045"
"Osgoode-Richmond Romans","Osgoode","ON","CA","OBMHL","association","db0a0b5e-1ba7-49fe-8270-592ad792848f"
"Oshawa Generals","Oshawa","ON","CA","LHL","association","5ff0e67e-da0c-48e8-830c-dfd5428ac882"
"Oshawa Lady Generals","Oshawa","ON","CA","OWHA","association","31872cfc-9be3-4db7-a3ce-a0d21853ac50"
"Oshkosh Warbirds","Oshkosh","WI","US","WAHA","association","78972634-1a85-46bf-8d8a-dff6454a786d"
"Osseo Maple Grove","Maple Grove","MN","US","MN03","association","b4bdb238-027c-4cf8-b31b-da2b9a063ec1"
"Oswego Buccaneers","Oswego","NY","US","CNY","association","7deb49a6-a8c1-4cc3-8e52-d60a4c0fc105"
"Otonabee Wolves","Keene","ON","CA","EOMHL","association","0d2108a9-15d2-4547-ac91-9cc3d433b618"
"Ottawa Centre","Ottawa","ON","CA","BMHL","association","3efa89cf-c934-4740-ab46-d5aca88812e2"
"Ottawa East Badgers","Ottawa","ON","CA","BMHL","association","f4367b37-d8c2-4a04-a316-27b950f429ea"
"Ottawa Ice","Ottawa","ON","CA","OWHL-E","association","f98d995e-b2ac-4179-9398-5006b02dff74"
"Ottawa Jr 67's","Ottawa","ON","CA","HEO","association","308f8ec7-9b36-4877-a8fc-364c1839cae2"
"Ottawa Lady 67's","Ottawa","ON","CA","OWHL-E","association","c2afaa95-7a40-4623-8cbe-82b87568d435"
"Ottawa Myers Automotive","Ottawa","ON","CA","HEO","association","dd06bcff-b1b9-4209-9dcb-fdbaa5c0e7e9"
"Ottawa Senators","Ottawa","ON","CA","OWHL-E","association","2579e2c9-1886-4f11-b184-21948d99959b"
"Ottawa Sting","Ottawa","ON","CA","HEO","association","09880b4c-9f59-40fb-ae2a-3bf6d34578cc"
"Ottawa Valley Silver Seven","Stittsville","ON","CA","HEO","association","122ed042-5a8c-41c3-a802-ad7bebf7f73c"
"Ottawa Valley Thunder","Pembroke","ON","CA","OWHL-E","association","5b894e8a-2076-434b-9940-df725ad7619e"
"Ottawa Valley Titans","Stittsville","ON","CA","HEO","association","bb72156a-499c-4d88-a3e0-baa71646a29c"
"Ottawa West Golden Knights","Ottawa","ON","CA","OBMHL","association","1fb3d313-fa53-4abb-ac84-b4e943e25d61"
"Outaouais HC","Gatineau","QC","CA","LH3L","association","f2fe4807-ad5c-4bf6-9341-628f5ddd5819"
"Outaouais Intrepide","Gatineau","QC","CA","LHEQ","association","b36a2f26-bac6-4774-9926-378def9d025e"
"Outlook Icehawks","Outlook","SK","CA","HW14","association","c5f91b91-6a79-4dab-8e2f-93f74ff317b9"
"Owatonna Huskies","Owatonna","MN","US","MN09","association","08122a2f-b30f-4db0-89a3-ad44d1d8bf44"
"Owen Sound Ice Hawks","Owen Sound","ON","CA","OWHA","association","e4f319fe-ad06-4050-a90c-b4728a5bc842"
"Owen Sound Jr Attack","Owen Sound","ON","CA","OMHA","association","6710695f-f131-45eb-8a7f-e8effff5a585"
"Owensboro Rampage","Owensboro","KY","US","BTHL","association","a7d008d3-76ff-4cb1-991b-dca98bb39f92"
"Oxbow Huskies","Oxbow","SK","CA","MMMHL","association","949b5f5d-0da8-4e78-a38a-c764ca5dd058"
"Oyen Bees","Oyen","AB","CA","CAHL","association","ca5b84ed-b4a3-495f-afd1-b5ad754d40a2"
"Oyster River Cats","Durham","NH","US","NHAHA","association","0306b76b-6c2d-4a42-9964-1eceaff457bb"
"Ozaukee Ice Dogs","Mequon","WI","US","WAHA","association","ed0812c5-95e2-4de5-becd-05e5e501b712"
"Pacific Coast Hockey Academy","Victoria","BC","CA","CSSHL","academy","c87d4c21-ab1c-446e-a2e9-532518e1b99c"
"PAL Jr Islanders","Sayville","NY","US","AHF","association","bff238b5-d1ac-47db-b110-ffc87506b6e0"
"Palm Beach Breakers","West Palm Beach","FL","US","SFHL","association","5dfc100c-c80c-43eb-82d7-b4a238892c2a"
"Palm Beach Hawks","Palm Beach","FL","US","SFHL","association","5575bb2c-6544-49ee-a287-ce3f6740dd82"
"Palmer Pioneers","Palmer","AK","US","ASHA","association","91e07bf5-dc8a-4e82-bdad-10dfe2edaf65"
"Palmyra Black Knights","Annville","PA","US","AHF","association","1455e7a9-b252-446d-a1ad-1a5a89c3a329"
"Papineau Voisins","Buckingham","QC","CA","LHRO","association","55ea484f-d811-440c-bd69-59124e5eab2c"
"Paradise Hill Hawks","Paradise Hill","SK","CA","HW14","association","b3c41c5d-1d1d-4382-9e9d-7e4369e170f5"
"Paradise Valley Jets","Paradise Valley","AB","CA","NEAHL","association","ee6fde2c-3e7c-4ab5-8aae-7faf8328cf48"
"Paradise Warriors","Paradise","NL","CA","DJHL","association","b159a8ef-db58-4582-9350-9ad8404c5bae"
"Paris Wolfpack","Paris","ON","CA","OMHA","association","55ebe4ae-fdd0-45cd-a018-46ce7703ed32"
"Park City Ice Miners","Park City","UT","US","UAHL","association","ea4604ac-6eee-43a5-b830-e2977b2b1884"
"Park Rapids Panthers","Park Rapids","MN","US","MN15","association","7b4fdba7-f220-4348-af7b-4b67ab2ac630"
"Parkland Rangers","Dauphin","MB","CA","MMHL","association","cd10b629-d7ce-4ae2-8509-d8b16d0a7cba"
"Parkland Saints","Spruce Grove","AB","CA","AEHL","association","0eb7be4f-e9fd-4ad5-a1e2-b1938497f9d4"
"Parkway Hawks","West Roxbury","MA","US","MYCGL","association","67bbde77-7b4a-4098-881c-7d62aa76f44c"
"Parma Flyers","Parma","OH","US","CSHL","association","54841761-4f80-4106-a1ef-19cff756f51d"
"Parry Sound Shamrocks","Parry Sound","ON","CA","MOMHL","association","f6a95bb7-050f-4725-93e7-58b04a7708ec"
"Pasadena Maple Leafs","Pasadena","CA","US","CAHA","association","9d789956-d912-44f8-9634-c72d4d969ef5"
"Paul Hubert Ecole","Rimouski","QC","CA","RSEQ","association","9ba9b813-98cc-44e8-a95e-5e463a0a4bc1"
"Pawling Youth","Pawling","NY","US","CHC","association","42f4b96c-4a23-4d84-a422-7190db38b17f"
"Peabody Longhorns","Peabody","MA","US","VHL","association","35b340a5-b885-4052-9f23-6eb840587ab5"
"Peace River","Peace River","AB","CA","APHL","association","81253237-779f-480a-ac21-349703fff986"
"Peconic Wildcats","Wading River","NY","US","EJEPL","association","d114feac-7dcc-454e-8f4f-d1b2e7b78a66"
"Peguis Warriors","Peguis","MB","CA","IMH","association","562f538f-5cbf-4024-a9e5-19e56b89cba9"
"Pekin Dragons","Pekin","IL","US","CSDHL","association","2da031b7-fac2-40b6-920a-786c089b0ad2"
"Pelham Panthers","Pelham","ON","CA","NDHL","association","3b9bde35-190b-4d4c-8b40-ab58dee1e71d"
"Pelham Pelicans","Pelham","NY","US","EJEPL","association","8d5846a0-3a1a-4c8e-829c-06030bfda5ca"
"Pembina Pirates","Pembina","AB","CA","NEAHL","association","2cc40d53-13f0-44f7-9ba2-940477ed2145"
"Pembina Trail Twins","Winnipeg","MB","CA","WMHA","association","8b2d89af-f7db-476e-b29d-db79701a1543"
"Pembina Valley Hawks","Morden","MB","CA","WAAAH","association","939b1869-4ff0-4829-980a-3b5eac7bb51f"
"Pembroke Kings","Pembroke","ON","CA","UOVMHL","association","e316fe04-9386-488f-b563-90b6ce0ff985"
"Pembroke Titans","Pembroke","MA","US","BSHL","association","0905e84e-8e0a-4f50-991d-f33ed415f07d"
"Penetang Flames","Penetanguishene","ON","CA","OMHA","association","09a734f4-473f-4686-81ef-8351e1f34200"
"Peninsula Eagles","Saanichton","BC","CA","VIHL","association","01b8707e-71dc-4127-9951-10a2953a1557"
"Peninsule Acadienne Gladiateurs","Caraquet","NB","CA","NSMHL-LHMC","association","e54999c5-0bc7-44b4-b0ef-efc5e6c30835"
"Penquis Panthers","Dover Foxcroft","ME","US","MEAHA","association","4724a398-89bd-45fc-84be-2c48495f5e1b"
"Pensacola Jr Ice Flyers","Pensacola","FL","US","SYTHL","association","e96b873e-2753-455a-ba18-9ba0a8bc6908"
"Pense Bulldogs","Pense","SK","CA","HR","association","8d33c5f4-f5ab-4e7d-bc03-bc140f5d8e53"
"Penticton Jr Vees","Penticton","BC","CA","OMAHA","association","e48f844b-6b6e-40ed-ad3b-80728b469312"
"Peoria Jr Mustangs","Peoria","IL","US","CSDHL","association","b9c5e908-bb57-4fb8-8ac0-8e73e3bb9505"
"Perdue Pirates","Perdue","SK","CA","HW14","association","d5fceee0-761c-49c3-9b4c-f57cb2561d97"
"Perth Wings","Perth","ON","CA","OWHL-E","association","3662f703-70c9-4b3d-8e05-b122a03b446c"
"Perth-Lanark Wings","Perth","ON","CA","LCMHL","association","408cd8e3-f790-49b8-9ea6-3e8af9a5cb9d"
"Petawawa Patriots","Petawawa","ON","CA","UOVMHL","association","78898630-0964-4c35-baa9-5e1fda2ebd87"
"Peterborough Ice Kats","Peterborough","ON","CA","OWHA","association","cd4c4e01-46d8-47fb-8292-0900e65f36f2"
"Peterborough Jr Petes (AAA)","Peterborough","ON","CA","OMHA","association","21fc88a2-9b49-4549-82f5-1d38a7ad4b9e"
"Peterborough Petes","Peterborough","ON","CA","LHL","association","3f98c5f5-4bfc-47b7-ac4e-7de709a1bd53"
"Petitcodiac/Salisbury Flyers","Petitcodiac","NB","CA","NBCBHL","association","dd8d943b-ff6b-417e-a386-c7f4f7edc273"
"Petite Nation Seigneurs","Papineauville","QC","CA","LHRO","association","8c10f23f-5539-41af-87e1-eaca3d9ccf3d"
"Petoskey Jr Northmen","Petoskey","MI","US","Adray","association","5c5fbb65-f319-4635-a8a2-df07734113b6"
"Petrolia Oilers","Petrolia","ON","CA","OMHA","association","07053cdb-02ca-45da-9141-5f5e315875a4"
"PHHL Polars","Raleigh","NC","US","Independent","association","7df65ea0-68db-4c8d-b2ab-c5f56e627d74"
"Philadelphia Blazers","Philadelphia","PA","US","AHF","association","456d2bf3-8ee3-4e2f-90e4-5d52de33048e"
"Philadelphia Flyers Elite","Pennsauken","NJ","US","THF","association","745caffb-917d-46e2-a6c3-6938f92bd963"
"Philadelphia Genesis Hockey Club","Hatfield","PA","US","DVHL","association","ddf0aa37-71e8-4661-b04c-cbb854696a00"
"Philadelphia Hockey Club","Sewell","NJ","US","AYHL","association","b6006ff9-a4ed-4515-97b8-8f37b44eabf3"
"Philadelphia Jr Flyers","West Chester","PA","US","AGHF","association","dc702f9d-9bb2-4a14-9588-97a92f98404b"
"Philadelphia Liberties","Voorhees","NJ","US","AGHF","association","0650c9b8-abc4-4f24-b460-825ea337c799"
"Philadelphia Little Flyers","Aston","PA","US","AYHL","association","8135f73a-2bda-46b2-82a4-966676186640"
"Philadelphia Revolution","Warminster","PA","US","THF","association","236415ec-26c5-4653-84b4-42e69df21235"
"Phoenix Jr Coyotes","Scottsdale","AZ","US","AZYHL","association","7a886d73-f190-463f-af46-32a0dfdfb88f"
"Pictou County Crushers","New Glasgow","NS","CA","NCHL","association","373424fe-5105-4105-b4e4-15bf2eb4a62d"
"Picture Butte Blades","Picture Butte","AB","CA","CAHL","association","b25cb130-1524-4d55-889e-153ab99062de"
"Piedmont Predators","Haymarket","VA","US","CBHL","association","c9f107bf-8e3b-48ad-b94b-e0db95e1ba16"
"Pierceland Panthers","Pierceland","SK","CA","STEP","association","07d1c6a9-5fa1-4eeb-9304-a6bf4f6c95e7"
"Pierrefonds Barracudas","Pierrefonds","QC","CA","LHGM","association","48e46987-3158-4ee2-bcee-794d8e38a995"
"Pierson","Pierson","MB","CA","SWRHL","association","5c070d23-2d80-4f57-9092-ceff7cdae3c0"
"Pikes Peak Catamounts","Colorado Springs","CO","US","CAHA-CO","association","f6be422f-1ede-4c81-a3ce-da5b25993788"
"Pillar Hockey Academy","Rossford","OH","US","Independent","academy","f7324a27-2528-4bec-bc4b-d648b7e68029"
"Pilot Mound Hockey Academy","Pilot Mound","MB","CA","CSSHL","academy","b63d4b12-b7cf-40fe-961d-dc004bc699ce"
"Pilot Mound Pilots","Pilot Mound","MB","CA","PVMHA","association","fd942c8d-3408-480b-9fde-43f272ca1a20"
"Pinawa Panthers","Pinawa","MB","CA","Eastman","association","caa50d05-d3bf-4e14-8ece-c8b35925c4bd"
"Pinaymootang","Fairford","MB","CA","IMH","association","313bbd75-17d8-496a-8459-fdc52c264e62"
"Pincher Creek Huskies","Pincher Creek","AB","CA","CAHL","association","9363624f-caef-4d55-846e-46bab898a5c5"
"Pine City Dragons","Pine City","MN","US","MN10","association","6f73c277-5aae-4737-9b5b-081c79d408a4"
"Pinedale Glaciers","Pinedale","WY","US","WAHL","association","83451a77-cd4a-4fd2-9d3e-b81268d9efae"
"Pineview Saints","Pine Falls","MB","CA","Eastman","association","faa950c8-5309-4779-abbb-6c62bafa6646"
"Pineville Falcons","Pineville","NC","US","CHL","association","6552d25a-84d5-4549-b106-af4529b4a476"
"Pioneer Valley Lightning","Holyoke","MA","US","GSL","association","bf8c3539-77be-4e42-90d6-3486060f0af2"
"Pittsburgh Arctic Foxes","Coraopolis","PA","US","PAHL","association","7f0ec8d4-cecc-4777-a733-3873f806adb4"
"Pittsburgh Aviators","Pittsburgh","PA","US","PAHL","association","037c2a7b-98e8-46ac-94b2-34de935afa7e"
"Pittsburgh Huskies","New Kensington","PA","US","PAHL","association","59c8ae54-812d-48b9-8d2d-a7c94ce5c302"
"Pittsburgh Penguins Elite","Pittsburgh","PA","US","NEPack","association","c05a76b4-7928-4431-b232-4b88e5462851"
"Pittsburgh PHA Icemen","Valencia","PA","US","AHF","association","b14221ab-de0a-4795-a77c-2337832bab75"
"Pittsburgh Predators","Pittsburgh","PA","US","PAHL","association","e6950e13-2972-45d6-8468-f9eb394b1046"
"Pittsburgh Stars","New Kensington","PA","US","NAT1HL","association","a67a9a79-daf0-4880-9b87-74727d59a8a1"
"Pittsburgh Steel City Selects","Pittsburgh","PA","US","Indep-G","association","acafaa7d-30e1-4296-8fd1-3dfca8d66710"
"Pittsburgh Vengeance","Pittsburgh","PA","US","PAHL","association","32615080-c928-4e0e-9d73-12607f784127"
"Pittsburgh Yetis","Gibsonia","PA","US","PAHL","association","9b9c8635-854b-4df5-b55f-1129d2682a69"
"Placentia Lions","Placentia","NL","CA","Independent","association","2df6b072-ae61-4ab7-9f49-c3b40a506077"
"Plamondon Oilers","Plamondon","AB","CA","NEAHL","association","28479107-96af-4893-b0d2-c3251cda9acb"
"Plattsburgh Roadrunners","Plattsburgh","NY","US","NNYSHL","association","4e93beb7-cef8-47a7-a50a-7e7cea2ced18"
"Plattsville Rage","Plattsville","ON","CA","OMHA","association","d13b4299-bd8f-42e0-a15c-88943754e79c"
"Pleasant Prairie Vipers","Pleasant Prairie","WI","US","NSYHL","association","09f9edb6-7729-4515-a5ce-b364cfb1b80e"
"Plessisville Capitals","Plessisville","QC","CA","Estrie","association","0da99930-660a-4576-a954-9d43cfe76630"
"Plymouth Flyers","Plymouth","MI","US","LCAHL","association","11ccca2b-a4c0-40f8-a5eb-ed6b46283781"
"Plymouth Jr Panthers","Plymouth","NH","US","NHAHA","association","2d75d112-59a4-4e98-ae40-0cc10d40e7f4"
"Plymouth Whalers","Plymouth","MA","US","BSHL","association","323ce31b-e0e0-4905-a09a-17755fdfd6e5"
"Pointe Levy Commandeurs","Pointe Levy","QC","CA","LCRSE","association","ff87e94f-7e63-471e-8773-b7508d3c1c7c"
"Pointe-Levy Coursaires","Levis","QC","CA","LHEQ","association","fcdf7981-476e-4f82-b8d1-3cf8e2eb11c2"
"Ponoka Stampeders","Ponoka","AB","CA","CAHL","association","8b7bdfb1-79a5-4600-87a6-1b2fa3aae67c"
"Ponteix Penguins","Ponteix","SK","CA","SSHL","association","ae96545c-7cb5-4154-b720-b43e9be44f76"
"Pontiac Lions","Shawville","QC","CA","LHRO","association","a87ba568-e8ae-468b-a7a7-d0d67448ee49"
"Porcupine Plain","Porcupine Plain","SK","CA","NEMHL","association","94159078-f862-44ee-8fd1-690e74c096af"
"Port aux Basques Blaze","Port aux Basques","NL","CA","Independent","association","de08c86b-2ea1-4fb1-aedf-7ca7d0f42548"
"Port Cartier Gaulois","Port-Cartier","QC","CA","CTN","association","744afc8d-b8df-4ac0-b4c6-26974505999d"
"Port Colborne Sailors","Port Colborne","ON","CA","NDHL","association","59765b45-77b0-4c6c-b250-00f2b15d5a30"
"Port Coquitlam Pirates","Port Coquitlam","BC","CA","PCAHA","association","8f9d1977-d1ff-405b-9552-7856b3bc318a"
"Port Credit Storm","Mississauga","ON","CA","MHL","association","ca8815c7-d84d-4e7d-9b78-748df5806ff1"
"Port Dover Pirates","Port Dover","ON","CA","OMHA","association","df278844-81b7-49e7-97fb-e25f7d6d5199"
"Port Huron Flags","Port Huron","MI","US","Adray","association","ac2717a9-389c-4b5b-ac4b-8bac336539cc"
"Port Moody Black Panthers","Port Moody","BC","CA","PCAHA","association","d42541e3-0c30-43ef-b91a-28f67676f404"
"Port Stanley Jr Sailors","Port Stanley","ON","CA","OMHA","association","e97e4750-cda2-42e3-818c-4ba7fcfb4572"
"Portage Terriers","Portage","MB","CA","CPMHA","association","36c00f95-7746-4c3d-8cb8-30e2c6270300"
"Portland Jr Winterhawks","Portland","OR","US","Independent","association","3231d36c-9a22-4834-8008-7c3948645376"
"Potomac Patriots","Dale City","VA","US","CBHL","association","f5b24a01-5310-4d75-afab-79bcf8f30003"
"Potsdam Sandstoners","Potsdam","NY","US","NNYSHL","association","620a8214-f4e3-46ae-8fc7-e06dcaf9bc7b"
"Powassan Hawks","Powassan","ON","CA","NDHL-N","association","fd8096a8-8643-4223-b201-4ebed03640d6"
"Powell River Jr Kings","Powell River","BC","CA","VIHL","association","576eef0b-902d-4cd1-8247-bb7350d0c649"
"Power City Bruins","Niagara Falls","NY","US","WNYAHL","association","b87606ad-c608-4a2d-80e2-1cdebb55879a"
"Pownal Red Devils","Pownal","PE","CA","HPEI","association","b149f198-aa45-4478-bd0d-1ffe71d9ea7c"
"Prairie Centre North Stars","Sauk Centre","MN","US","MN15","association","075e2add-55d9-4557-87d4-c8cbdc514d09"
"Prairie Hockey Academy","Caronport","SK","CA","CSSHL","academy","5df3ea2a-7d66-4eee-b440-794896904888"
"Prairie Storm","Balgonie","SK","CA","HR","association","0f1aa686-e97f-4258-8833-970a995067cb"
"Preeceville Pats","Preeceville","SK","CA","MHL-SK","association","e96a3d44-ba37-42a9-b67a-fa5dd0080d38"
"Presque Isle","Presque Isle","ME","US","MEAHA","association","ef3f4d8f-11af-4bfe-818e-ac4a85eea9bb"
"Price Ice Wolves","Park Falls","WI","US","WAHA","association","5a49db60-5e0e-4293-800c-4bc8adfdd952"
"Prince Albert","Prince Albert","SK","CA","SAAHL","association","145e78f6-66dd-4326-9e5d-44013141b5a7"
"Prince Edward County Kings","Picton","ON","CA","EOMHL","association","7de40ad6-f9c1-4391-880f-f19b50c15286"
"Prince George Jr Cougars","Prince George","BC","CA","NCD","association","3c66637f-3d21-4a37-b2d0-c6346d8b63e8"
"Prince Rupert Sea Wolves","Prince Rupert","BC","CA","NWD","association","73efaf68-ff32-460a-9865-c13cff4a8591"
"Princeton (MN) Tigers","Princeton","MN","US","MN10","association","d7b81ea5-3e1e-4a43-a64c-ada18850e4be"
"Princeton Jr Posse","Princeton","BC","CA","OMAHA","association","9866ee91-5605-400f-b61f-71e7d6216531"
"Princeton Jr Tigers","Princeton","NJ","US","DVHL","association","a47cf8e2-d47c-4a5a-94a2-a6eee259402c"
"Princeton Tiger Lilies","Princeton","NJ","US","AGHF","association","05cc06fd-2f7b-41aa-9ddd-df88da4ae63d"
"Princeville Titans","Princeville","QC","CA","Estrie","association","01efd5b4-6312-4cc3-a00f-e3724b3add2b"
"Prior Lake-Savage Lakers","Prior Lake","MN","US","MN06","association","6ecd52b3-a39b-4af3-b11a-b0c2b66b16c2"
"Proctor Rails","Proctor","MN","US","MN11","association","c1e8acf4-1cdc-48b4-b07e-b83a4be83f01"
"Providence Capitals","Providence","RI","US","EHF","association","01c11bd7-64b9-4d40-a2c4-5d7bdd42ecde"
"Providence Jr Bears","Rumford","RI","US","SCHL","association","f3cd3b4e-14dd-4615-ad48-416f98400254"
"Provost Blades","Provost","AB","CA","NEAHL","association","fb18eb92-a1ac-4d6e-b729-98619c92e84a"
"Pueblo Bulls","Pueblo","CO","US","CAHA-CO","association","29ca9ff7-1a36-46cf-aea7-e731860eb7b9"
"Putnam Panthers","Pawling","NY","US","CHC","association","92077139-25f0-482b-aa51-dd193ec14881"
"Quad City Ice Eagles","Davenport","IA","US","CSDHL","association","74f768c4-d58d-4810-96bb-316fe8541451"
"Quad County Whitecaps","Antigonish","NS","CA","NSFHL","association","4cbed9bd-3567-4e69-94bd-16346a3eb094"
"Quad Town Rebels","Vibank","SK","CA","Mainline","association","e53ea159-81ca-414a-9097-054211c8de4b"
"Quebec As","Quebec City","QC","CA","LHEQ","association","2a70c583-5e93-431d-b48c-ac5e239afc6a"
"Quebec Blizzard","Quebec City","QC","CA","LHEQ","association","ba94e9a3-5f6d-42ec-8d84-8161371f08ce"
"Quebec Centre Patriots","Quebec City","QC","CA","QBC","association","371b7c00-cd06-435f-8a5f-26657f8c3b74"
"Quebec Nord-Est","Beaupre","QC","CA","LHQCA","association","4b32e0d9-c4ed-4b43-be43-c38fd835518d"
"Queen City Royals","Charlotte","NC","US","ACHC","association","9edf6752-a92f-463d-9450-7f44f05867b1"
"Queens County Cougars","Liverpool","NS","CA","CMHF","association","949464ce-e065-4386-8e2d-6b24ebc1cd03"
"Quesnel Thunder","Quesnel","BC","CA","NCD","association","1e183f33-03c9-4027-a0cf-31530738b58f"
"Quincy 67's","Quincy","MA","US","MYCGL","association","a6f98138-19d8-4bb2-9a62-63c87e5f999f"
"Quinte Red Devils","Belleville","ON","CA","OMHA","association","c07e6544-d515-4745-9644-1d54da3a455b"
"Quinte West Golden Hawks","Trenton","ON","CA","LHL","association","3c3a32b5-6e18-4a8f-9dde-f40f83fc636c"
"Radville Nationals","Radville","SK","CA","MMMHL","association","9b751960-e8ed-4c68-8e42-ac1e124af130"
"Raleigh Raptors","Raleigh","NC","US","ACHC","association","513cbd46-498c-4d2e-b4ca-d09f4b2769af"
"Ramapo Saints","Monsey","NY","US","AHF","association","42d3d88a-c7c1-4540-aed3-f73b3d1ceef8"
"Rankin Rock","Rankin Inlet","NU","CA","Independent","association","366aca80-ba10-44a8-83f7-ae9859dc33c4"
"Rat River Saints","St Malo","MB","CA","Eastman","association","29623b60-93a4-4521-8972-ad8192afa4e3"
"Raymond","Raymond","AB","CA","CAHL","association","26b04058-36e2-4c91-9539-de6594edfa2b"
"Raymore Rockets","Raymore","SK","CA","ECMHL","association","99b1be8f-a06e-4d71-99f2-ed5fa16a493a"
"Reading Rockets","Reading","MA","US","MYCGL","association","edf80c58-2c54-4fa6-b492-2b929f4ac2ca"
"Reading Royals","Reading","PA","US","DVHL","association","c0593bdf-5ab8-4f2f-b635-ea248ee3f5c2"
"Red Bank Generals","Red Bank","NJ","US","AHF","association","86661f99-175a-4ca2-a4c1-88c7b927c409"
"Red Deer Chiefs","Red Deer","AB","CA","AEHL","association","d8cb335b-2004-436d-8755-c16a2b08d100"
"Red Lake Falls Eagles","Red Lake Falls","MN","US","MN16","association","e065ee83-05c4-4736-8e63-22deecda4428"
"Red Lake Rockets","Red Lake","ON","CA","HNO","association","fff94c9e-6553-4b4f-9bc2-81eb72df8c9b"
"Red River Wild","Morris","MB","CA","PVMHA","association","e91b48d3-a92a-4d76-be50-3a091382c5fe"
"Red Rock Rangers","Red Rock","ON","CA","HNO","association","76e405cc-3bfc-4734-a80c-13581d1b6d63"
"Red Wing Wingers","Red Wing","MN","US","MN08","association","8018b2d7-4b29-46ec-b7d2-5a8458b08f65"
"Redcliff Grizzlies","Redcliff","AB","CA","CAHL","association","8906ee15-1f56-44e8-8189-54c6e9d14f41"
"Redvers Rockets","Redvers","SK","CA","MMMHL","association","eb6e2805-ebb2-4101-947d-fbd01117c772"
"Redwater Rush","Redwater","AB","CA","NEAHL","association","905a4294-65d5-47e4-89c1-9f742b4815f4"
"Redwood Falls Cardinals","Redwood Falls","MN","US","MN04","association","ea3bc0a4-6f9b-49b5-92a5-b460edc17cce"
"Regina","Regina","SK","CA","HR","association","4b91574c-4482-4c8a-9ee5-e3a35cdc3692"
"Regina Assumpta College","Montreal","QC","CA","RSEQ","academy","12ca0c57-449c-4a0a-97fa-eeea0a5c07c4"
"Regis Jesuit","Aurora","CO","US","CPHL","association","4c242a21-0640-471b-9b64-0f4de7714253"
"Renfrew Timberwolves","Renfrew","ON","CA","OBMHL","association","8e745adc-52ba-4aa3-963f-b445c879de94"
"Reno Ice","Reno","NV","US","NORCAL","association","64964a68-85ea-424a-8e94-4109a0903d1e"
"Renous Whoppers","Renous","NB","CA","NSMHL-LHMC","association","2306425c-6dbc-40b6-8d4c-c8ddccfc4ff5"
"Repentigny Olympiques","Repentigny","QC","CA","LH3L","association","72f1b3f9-39de-4334-998c-dfc7f4a1f48d"
"Restigouche Nord Vikings","Campbellton","NB","CA","NSMHL-LHMC","association","11a5baa3-dc40-4641-8204-402a9f76b603"
"Restigouche Ouest","St Quentin","NB","CA","NBCMHL","association","23c56ec7-986a-425f-9a68-e6505cd73413"
"Reston Raiders","Reston","VA","US","AGHF","association","030f2e78-4991-47a5-985f-06f68d671ab4"
"Reston Rockets","Reston","MB","CA","SWRHL","association","306140c6-2857-4b1d-a655-b409f0e5ca38"
"Revelstoke Jr Grizzlies","Revelstoke","BC","CA","OMAHA","association","166b2ac2-222c-4433-91ae-350144d48617"
"Rexburg Wildcats","Rexburg","ID","US","IAHA","association","be4caea5-c4e0-41c2-9818-3b2999dd046b"
"Rhinelander Hodags","Rhinelander","WI","US","WAHA","association","ad7eea04-d559-4432-862d-6a415428c22b"
"Rhode Island Jr Blues","Warwick","RI","US","PHL","association","6eb43583-3d8b-4305-b274-4931672f7986"
"Rhode Island Saints","West Warwick","RI","US","E9HL","association","eb0a0fe0-529f-4814-9593-67a74446f510"
"Rhode Island Sting","Providence","RI","US","NEGHL","association","14ca58c6-c729-4e63-b418-0c365dd1be17"
"Rice Lake Warriors","Rice Lake","WI","US","WAHA","association","cefd3f89-5c64-4c60-9ea2-a6bd54759d61"
"Richelieu Grand Ducs","Boucherville","QC","CA","LHER","association","0e68b4ce-db37-4348-9cd3-76fe494f2013"
"Richelieu Griffon","Mont St Hilaire","QC","CA","LHER","association","b8703d8c-b57d-4346-997c-ea7ba0a5b6ff"
"Richland Rangers","Sidney","MT","US","NDAHA","association","19526ac7-ba77-450f-ac0f-1e8a716559cd"
"Richmond Generals","Richmond","VA","US","CBHL","association","cac39c62-9002-46ea-8115-f076cdd6621c"
"Richmond Generals Selects","Richmond","VA","US","CHL","association","1c7d2178-5a1b-4c85-bb99-82c52361812c"
"Richmond Hill Jaguars","Richmond Hill","ON","CA","OMHA","association","f66709e3-ab98-464c-803c-77cfeaeb7482"
"Richmond Jets","Richmond","BC","CA","PCAHA","association","2159453d-d844-43ee-ae0b-f686294bcb73"
"Richmond Ravens","Richmond","BC","CA","PCAHA","association","0c33e2b3-f03b-480c-9e99-d23e7e208cfe"
"Richmond Royals","Richmond","ON","CA","LCMHL","association","68007869-f8cb-407e-ad5f-080cb66b9ae4"
"Rideau St Lawrence Kings","Brockville","ON","CA","HEO","association","843df890-5952-4736-ab0e-11db1686dd8a"
"Ridge Meadows Rustlers","Maple Ridge","BC","CA","PCAHA","association","cd759768-4e43-45de-afda-fb6e6ec77acb"
"Ridgefield Lions","Ridgefield","CT","US","CHC","association","3ed0b795-853c-45e6-9391-c0a20a59ad89"
"Rimouski Mariniers","Rimouski","QC","CA","BSL","association","8da3faaf-7a3c-4b37-bd65-24ed49bb2ecd"
"Rink Hockey Academy Kelowna","Kelowna","BC","CA","CSSHL","academy","e6863943-df3e-44e0-8d2b-a5ce9d39abe5"
"Rink Hockey Academy Winnipeg","Winnipeg","MB","CA","CSSHL","academy","7373aed2-5357-4feb-a857-c60c807e4034"
"Rive-Nord Titans","La Plaine","QC","CA","LH3L","association","f6d31265-d37a-4a55-b68f-8d84c0f38110"
"Rive-Sud Express","Levis","QC","CA","LHQCA","association","a09e422c-cb6f-4537-a1e3-510c3feee189"
"River East Royals","Winnipeg","MB","CA","WMHA","association","8b67f7dc-0bb4-4abd-862f-28ad3ad83071"
"River Falls Wildcats","River Falls","WI","US","MN02","association","1864667e-fcb9-4ea2-864f-a007262578a1"
"River Lakes Stars","Richmond","MN","US","MN05","association","6f5c6aa6-8401-446a-9b70-4cabecb1c3b8"
"River Valley Eagles","St Croix Falls","WI","US","WAHA","association","9dfba83a-25cf-4080-a871-3db1d2898877"
"Riverbank Hockey Club","New York","NY","US","HVHL","association","780f8ebb-370b-4d07-bc55-cd42eeef5ea1"
"Rivers Jets","Rivers","MB","CA","Parkissimo","association","45a6a1a3-9330-450d-a1aa-980f63e59f0e"
"Riverside Rangers","Windsor","ON","CA","Bluewater","association","f7809f87-dec5-4e39-9e03-7528937016b5"
"Riverton Eagles","Riverton","MB","CA","IMH","association","f812b951-596d-4f1e-8131-efee27a94e9f"
"Riverview Blues","Riverview","NB","CA","NBCBHL","association","c49937f3-a4ff-4197-8332-231646f715aa"
"Riviere du Loop","Riviere du Loup","QC","CA","BSL","association","6b17629c-e359-4d0c-acdc-322999fd999b"
"Riviere du Loup Ecole","Riviere du Loup","QC","CA","RSEQ","association","50da8d3f-3d7b-4932-83f5-882cb57a6f64"
"RMAA Renegades","Carstairs","AB","CA","CAHL","association","35645137-ddff-4bfa-8c06-2419990bf23b"
"Roanoke Jr Rail Yard Dawgs","Roanoke","VA","US","ACHC","association","d6c169b2-2251-409a-9cf4-ff3ca91aea75"
"Roberval Sabres","Roberval","QC","CA","SLJ","association","f7a271ff-d65a-43bb-9f40-196732dede24"
"Roberval Student Cities","Roberval","QC","CA","RSEQ","association","bb5c7e33-17da-4b6d-befb-1b6854dd78c2"
"Roblin Stars","Roblin","MB","CA","Parkissimo","association","5f7cfb77-dfd4-4c6a-a6bc-d17ecb4fdb04"
"Rocanville Tigers","Rocanville","SK","CA","MHL-SK","association","98fdc6b7-4af2-4b39-b037-2821cbc86fcb"
"Rocher Bulldogs","Chandler","QC","CA","BSL","association","983e87b6-3b67-4323-942c-e92308da1c92"
"Rocher Ecole","Grand Mere","QC","CA","RSEQ","association","ea56d2fd-2058-42ea-a7d9-b2cd635b346c"
"Rochester Aces","Rochester","NY","US","EAHC","association","2b35b5a8-3be3-4528-ab23-c90a1de2e126"
"Rochester Blackhawks","Rochester","NH","US","NHAHA","association","5b7298be-c6a5-4c7d-b939-22970984feff"
"Rochester Coalition","Rochester","NY","US","BEAST","association","52b5161e-131f-4699-9040-f14984c34ba1"
"Rochester Edge","Rochester","NY","US","EAHC","association","b1c13bdc-9366-46bb-bbc6-9c4bbb83561a"
"Rochester Jr Americans","Fairport","NY","US","EAHC","association","ef320ffd-8910-4317-8cd9-592128ba543c"
"Rochester Mustangs","Rochester","MN","US","MN09","association","92f8ba38-2ebb-4cc3-b841-a485d21f8985"
"Rochester Rattlers","Rochester","MI","US","Adray","association","b81c538e-7c4e-42aa-8910-c39a4def144a"
"Rochester Saints","Rochester","NY","US","Independent","association","509e1cd8-bd3c-4880-95d3-eff532053c4b"
"Rock City Steel Kings","Cleveland","OH","US","Independent","association","e6389a46-9714-4c71-ba71-64754c4090cf"
"Rock Lake Rebels","Crystal City","MB","CA","PVMHA","association","c2f9c3fa-a9db-4fed-a450-e42633747f56"
"Rock Ridge Wolverines","Virginia","MN","US","MN12","association","790152ff-3ea4-487b-8bc7-2956f776cada"
"Rock Spring Miners","Rock Springs","WY","US","WAHL","association","b1e63187-1fee-4006-a58a-a4eb43a9bcd9"
"Rockford Rams","Rockford","MI","US","Adray","association","94b7e777-0238-4d19-a874-117b3fbad760"
"Rockford Roadrunners","Rockford","IL","US","CSDHL","association","66abaad4-7d67-48b3-b421-d357aaa03312"
"Rockglen Thunderhawks","Rockglen","SK","CA","SSHL","association","d22b0398-63c1-4a7c-999e-117b96f03965"
"Rockland Revolution","Stony Point","NY","US","HVHL","association","6b565a35-d892-4363-a260-3e3b7c59cfaf"
"Rocky Mountain House","Rocky Mountain House","AB","CA","CAHL","association","242d2031-148c-41e9-89fa-bce40f6a5970"
"Rocky Mountain Lady RoughRiders","Westminster","CO","US","CAHA-CO","association","90661cc8-562f-43bd-a8c0-8c0dd3327cfa"
"Rocky Mountain RoughRiders","Superior","CO","US","CAHA-CO","association","fce5cd6c-8b50-4967-90c8-57def352b59e"
"Rocky River Pirates","Rocky River","OH","US","CSHL","association","712c9e4d-8cf4-4e4e-9a9b-167fa8803dd9"
"Rockyford Roughnecks","Rockyford","AB","CA","CAHL","association","228100ac-6609-4ea7-bd26-d1ae304fd023"
"Rogers Royals","Rogers","MN","US","MN10","association","8b123712-17b9-4f3c-8473-226a2e934356"
"Rogue Valley Reign","Medford","OR","US","Independent","association","42db3510-63ef-4459-93eb-ca6f4ad75db9"
"Rolling Meadows Renegades","Rolling Meadows","IL","US","NWHL","association","9e3642e1-30d8-4da6-8292-0f851cd1c22a"
"Rome Grizzlies","Rome","NY","US","CNY","association","68ad6d2f-faeb-4509-8aaf-7dc080272be0"
"Romeoville Huskies","Romeoville","IL","US","CSDHL","association","52d3b42e-9a61-4b1c-a5ec-25a93482c14a"
"Rose City Pats","Pasadena","CA","US","CAHA","association","c0ad770e-cd58-44d7-8cca-2c594a7feaf7"
"Rose City Royals","Portland","OR","US","Indep-G","association","cc98d81a-24de-49a4-969a-0f4ed218ce2e"
"Roseau Rams","Roseau","MN","US","MN16","association","09acac60-d658-4b04-bd5a-ccdcdf99147a"
"Rosemount Irish","Rosemount","MN","US","MN08","association","fd7d5af9-4f68-4638-9a43-c84e40ac18eb"
"Rosetown Red Wings","Rosetown","SK","CA","HW14","association","844d8db1-0cf5-4586-ad56-0b6921b6c21d"
"Roseville Capital Thunder","Roseville","CA","US","CAHA","association","513c61e6-c36a-4099-8236-fbfe359b1782"
"Roseville Raiders","Roseville","MN","US","MN02","association","9f60e981-3f77-4de9-928f-5c0da0d90d83"
"Roseville-Mahtomedi Marauders","Willernie","MN","US","MN02","association","67397325-0d06-4615-ba5f-e51b23f3636e"
"Rosthern Wheat Kings","Rosthern","SK","CA","SVMHL","association","8710e07e-ae0c-4a48-b7f7-e108d2740090"
"Rouleau Ramblers","Rouleau","SK","CA","SEMHL","association","0def995e-f05e-4fc4-beaa-af160c9308a7"
"Roussillion Gladiators","St Catherine","QC","CA","LHER","association","e6554c29-9e3e-4f16-8656-5c2742aec18c"
"Rouyn-Noranda","Rouyn-Noranda","QC","CA","Abitibi","association","ed3812d3-e560-473f-8bc9-c18e482fb227"
"Rouyn-Noranda Citadelles","Rouyn-Noranda","QC","CA","LHEQ","association","e3f2d638-d329-4dd1-b75f-99573d5f528d"
"Royal Oak Eagles","Royal Oak","MI","US","Adray","association","74289a81-53e7-4929-8089-c51a008377d5"
"Rugby Ice Hawks","Rugby","ND","US","NDAHA","association","4b399dfa-60a1-4b85-97b1-408a8ac75122"
"Rushmore Thunder","Rapid City","SD","US","SDAHA","association","66b256b8-3242-4833-997d-2224ae8a7cbc"
"Russell Coyotes","Russell","ON","CA","OWHL-E","association","ceb89809-b4c6-4e12-8964-a644f90e3a91"
"Russell Rams","Russell","MB","CA","Parkissimo","association","76519b43-862f-47e9-9c45-414616485d20"
"Russell Warriors","Russell","ON","CA","GHA","association","d60ad02d-6618-4806-bad0-e74b919a4177"
"Rutland Jr Spartans","Rutland","VT","US","VSAHA","association","f6735ace-26c1-42eb-af73-4be26111648a"
"RWD Yetis","Reedsburg","WI","US","WAHA","association","46776f09-d4f6-4d9b-a841-1ba8afc9976a"
"Rye Rangers","Rye","NY","US","AHF","association","a68517a6-23ca-4008-aca9-da64d47045a9"
"S&S Blades","Swampscott","MA","US","VHL","association","1982c4e6-bc02-4e27-8bf3-4d7cd2e329ab"
"Sackville Flyers","Lower Sackville","NS","CA","CMHF","association","3abefc98-9fb2-4695-9226-c65f4330614b"
"Sackville Rangers","Sackville","NB","CA","NBCBHL","association","04f7806b-20a4-4590-ae21-228f35e4845b"
"Saddle Lake Warriors","Saddle Lake","AB","CA","NEAHL","association","49bf9500-ca81-4324-8ba1-9b5285e382fc"
"Saginaw Badgers","Saginaw","MI","US","Adray","association","5e281a7f-cb2a-42b5-a112-b69f2e29713e"
"Saginaw Jr Spirit","Saginaw","MI","US","LCAHL","association","461399d1-6eef-4006-a066-2d9a19d95907"
"Sagkeeng Hawks","Fort Alexander","MB","CA","Eastman","association","92c26d9e-27db-42a2-94b6-314d675a7dc2"
"Saguenay Lac St-Jean Espoirs","Saguenay","QC","CA","LHEQ","association","a30502ad-82a2-4b89-bc9c-270d7b97849c"
"Saint Bernard College","Drummondville","QC","CA","RSEQ","academy","a02f2062-6fad-4a18-b164-23fe6b396128"
"Saint Francois Seminaire","St Augustin Desmaure","QC","CA","RSEQ","association","4ad41539-1c88-496b-aa12-36576326f218"
"Saint Gabriel Ecole","Sainte Therese","QC","CA","RSEQ","association","6618654c-a4e3-4aa5-bdd7-86d54103bae8"
"Saint Georges Polyvalente","Saint-Georges","QC","CA","RSEQ","association","21bd4c11-668d-497d-a6e7-3ac432a3ba9d"
"Saint Hilaire College","Mont-Saint-Hilaire","QC","CA","RSEQ","academy","adfc6179-ed30-428f-832e-543e82118a8f"
"Saint Jean Eudes Ecole","Quebec City","QC","CA","RSEQ","association","319503fe-bb22-4f37-a464-fa76e8663751"
"Saint John Flames","Saint John","NB","CA","SNBMHL","association","64482ad0-1fab-46e2-8f67-9a89d8684422"
"Saint Joseph Seminaire","Trois-Rivieres","QC","CA","RSEQ","association","b3773cd0-47c9-406b-8ba9-352cdf8591f6"
"Saint Lambert Durocher College","Saint Lambert","QC","CA","RSEQ","academy","765ace81-9678-4a2d-ac6a-9841139b8492"
"Saint Louis Academie","Quebec City","QC","CA","RSEQ","association","16fc26b4-3a96-4750-a652-e59a803152b3"
"Saint Marcs Ecole","Saint Marc Carrieres","QC","CA","RSEQ","association","e72b9b25-7d18-4eb1-ad4c-afd2ec32f131"
"Saint Sacrement College","Terrebonne","QC","CA","RSEQ","academy","e70d541b-13e2-4b32-9435-5f8400c9a7a2"
"Sainte Anne College Dragons","Dorval","QC","CA","RSEQ","academy","4820e471-e717-49b2-a903-f4742639b0ff"
"Salisbury RedHawks","Salisbury","CT","US","CHC","association","512c44e9-da77-4efd-b02a-8d2e74e8ce51"
"Salmon Arm Jr Silverbacks","Salmon Arm","BC","CA","OMAHA","association","f34e6134-41db-454f-85da-f313ea4ec1c2"
"Salmon Rapids","Salmon","ID","US","IAHA","association","df6ae260-2621-457c-b715-bebf24a3ebfe"
"Salmon River Storm","Pulaski","NY","US","Snowbelt","association","8951207e-abeb-42af-8324-17078d0ac7f9"
"Salt Lake County Lightning","Salt Lake City","UT","US","UAHL","association","f813c7be-dc17-4a80-b29a-647dd7196868"
"Samare Polyvalente","Plessisville","QC","CA","RSEQ","association","29beb14f-6865-494a-a29b-867c40308242"
"Samuel De Champlain Ecole","Quebec","QC","CA","RSEQ","association","2f6b4d7c-12b9-42d9-8adb-5fac0408da01"
"San Antonio Jr Rampage","San Antonio","TX","US","THL","association","a4515e67-8949-438c-90c8-90ee4c501c10"
"San Diego Angels","San Diego","CA","US","CAHA","association","801d3dcd-8a07-485a-b9ae-171640633603"
"San Diego Jr Gulls","Poway","CA","US","CAHA","association","65a22f28-de63-4f43-b7cb-2360b7aafeba"
"San Diego Saints","La Mesa","CA","US","CAHA","association","cc0b9d72-cc93-4429-a9b1-37d3d50f2472"
"San Francisco Sabercats","San Francisco","CA","US","CAHA","association","e1195aad-e57f-4e15-af84-59bd76c5467e"
"San Jose Jr Sharks","San Jose","CA","US","CAHA","association","4bdfe022-f092-401d-b11c-87e7120673e3"
"San Luis Valley","Alamosa","CO","US","LOEAHA","association","1c97740f-6b71-4184-9cd7-5aa317617177"
"San Mateo Black Stars","Redwood City","CA","US","CAHA","association","ba48cfe5-b511-4edf-92cd-7c59799c82d2"
"Sandy Bay Flying Feathermen","Sandy Bay","MB","CA","CPMHA","association","46bec0b7-bc43-4cab-9ad0-cbe4fe7624fe"
"Sanilac Stars","Sandusky","MI","US","Independent","association","5a5d2660-a105-4af0-8116-05c0b6d2d92b"
"Santa Barbara Ice Hawks","Santa Barbara","CA","US","CAHA","association","b3aa2226-8236-4725-8116-f35a7406f60f"
"Santa Clara Blackhawks","Santa Clara","CA","US","CAHA","association","bdfd9116-e97a-49d8-a094-dbf38fa43c33"
"Santa Clarita Flyers","Santa Clarita","CA","US","CAHA","association","9cafd39e-010e-4b8a-8936-fe88b1467ade"
"Santa Fe Capitals","Santa Fe","NM","US","LOEAHA","association","31797d20-bab8-47f0-93a9-df0b88027ece"
"Santa Rosa Flyers","Santa Rosa","CA","US","CAHA","association","13d61925-b726-4cde-aedf-9c5596dbd157"
"Sara-Placid Lakers","Saranac Lake","NY","US","NNYSHL","association","44eb2587-47ce-4cc3-a3f2-0841a63032c7"
"Saratoga Blue Knights","Saratoga Springs","NY","US","NNYSHL","association","e811134b-8f33-4022-abee-0f513cbef70b"
"Sarnia Jr Lady Sting","Sarnia","ON","CA","OWHA","association","93e8c324-ae16-4d36-a311-e8933127477a"
"Sarnia Jr Sting","Sarnia","ON","CA","OMHA","association","ea781508-39d1-4f99-a869-679919f2519b"
"Sarnia-Lambton Jr Sting","Sarnia","ON","CA","OMHA","association","edec1e5d-8234-472f-bf60-76f35d32ec61"
"Sartell Sabres","Sartell","MN","US","MN05","association","886e945a-b7c9-4eb0-a8bd-d35bd4771528"
"Saskatoon","Saskatoon","SK","CA","SAAHL","association","9f9ad40b-3732-4d89-a333-6e413f7ed3dc"
"Saskatoon Aces","Saskatoon","SK","CA","SMHA","association","34604402-1c6a-4208-820c-f146cb839635"
"Saskatoon Bobcats","Saskatoon","SK","CA","SMHA","association","48a2d229-7f33-47c0-b867-6b896a48cd11"
"Saskatoon Comets","Saskatoon","SK","CA","SaskFHL","association","9de7f101-b7ad-4671-a572-42e3b1d3f83a"
"Saskatoon Flyers","Saskatoon","SK","CA","SMHA","association","183bd508-c8e7-4f2c-9194-dbd3a4ee8bbe"
"Saskatoon Redwings","Saskatoon","SK","CA","SMHA","association","32ad2b6d-c052-4b72-94b2-5b1472b54113"
"Saskatoon Renegades","Saskatoon","SK","CA","SMHA","association","50239c5b-edcd-4f65-90b9-6ffa842418bd"
"Saskatoon Wild","Saskatoon","SK","CA","SMHA","association","77d61963-3802-439e-80cc-2f99abd7301f"
"SaskEast Oilers","Yorkton","SK","CA","SAAHL","association","ac6ef762-8cbf-4e15-a4d3-772f5912622d"
"Saugeen Maitland Lightning","Goderich","ON","CA","OWHA","association","40b21fb9-e872-4cc2-9d1b-a466d98aad6b"
"Saugeen Shores Storm","Port Elgin","ON","CA","OMHA","association","63003592-deb9-46ff-afc3-0e92bbd17b4f"
"Saugeen Valley Steelheads","Durham","ON","CA","OMHA","association","c4dafe7a-8d3b-4a47-912a-78884b467046"
"Saugerties Mustangs","Saugerties","NY","US","AGHF","association","47d211cb-142d-4006-acae-ef7e781ac003"
"Sauk Prairie Flyers","Prairie du Sac","WI","US","WAHA","association","e9f08c9e-e236-49f9-950b-9b9978594dbb"
"Sauk Rapids Storm","Sauk Rapids","MN","US","MN05","association","8d98314f-8ece-4c91-9596-36192691568c"
"Savannah Jr Ghost Pirates","Savannah","GA","US","ACHC","association","9518981e-30dd-4719-b932-ce240ea11db1"
"Scarborough Ice Raiders","Scarborough","ON","CA","GTHL","association","d64c9ba2-09b2-44ce-b29a-3d45484f1746"
"Scarborough Sharks","Scarborough","ON","CA","OWHA","association","545e0dad-46c3-4364-ad4b-3d3b82707f14"
"Scarborough Young Bruins","Scarborough","ON","CA","GTHL","association","6f59d774-3074-463f-86e2-85cb2169fbd1"
"Schenectady Chargers","Schenectady","NY","US","NNYSHL","association","196a3bb0-0228-425c-bd43-ffcfab923f7a"
"Schreiber Superior Stars","Schreiber","ON","CA","HNO","association","a15695d6-c4d7-4e62-9a2a-162d7482bebb"
"Schumacher","Schumacher","ON","CA","NOHA","association","f1ab692f-9807-46a2-94ca-1914e60c8bf5"
"SDIA Oilers","San Diego","CA","US","CAHA","association","3bc9fac0-8cfb-4899-bfb8-37957b84bb53"
"Seacoast Performance Academy","Exeter","NH","US","BEAST","academy","065d942c-3617-4cbc-8a2f-611d5f334456"
"Seacoast Spartans","Exeter","NH","US","EHF","association","46092075-fc4d-4b6a-8e5a-4036978065e4"
"Seacoast Spartans","Exeter","NH","US","NEGHL","association","32274a0b-8297-4186-91cf-bf5afe555af0"
"Seattle Jr Kraken","Seattle","WA","US","Metro","association","8ca8eefc-7d65-4ed0-8602-d51f83a2eb86"
"Seattle Jr Mets","Mountlake Terrace","WA","US","Metro","association","57f4456a-a44e-432b-8daa-83f77a6c3d83"
"Seattle Red Hawks","Bellevue","WA","US","PCAHA","association","fce1aa4f-8a41-4880-b76d-98dc48271e23"
"Seaway Valley Rapids","Cornwall","ON","CA","HEO","association","41a48dae-e2d9-4c8b-8dfc-6650421161a3"
"Secaucus Patriots","Secaucus","NJ","US","Independent","association","201134bc-0b58-45c4-9e63-d78f20fd1348"
"SEERA","Edmonton","AB","CA","EFHL","association","da1ef411-4aac-43cc-b1ee-2b9800b862c6"
"SEFHA Fury","Riverview","NB","CA","NBFAAAHL","association","7986f6ca-509f-4b20-b1d3-73f8ed234288"
"Seigneurie Ecole","Quebec","QC","CA","RSEQ","association","3470e9f6-1088-44fb-8308-eec78e59b411"
"Selwyn House School","Westmount","QC","CA","RSEQ","academy","3ea633b3-80a7-4118-89ad-097559ca471c"
"Semiahmoo Ravens","White Rock","BC","CA","PCAHA","association","9b15f666-a273-463d-a14f-684c0a18aa1b"
"Sept-Iles Basques","Sept-Iles","QC","CA","CTN","association","3142f9fd-ec5c-49a8-bf24-92af481c3972"
"Seven Oaks Raiders","Winnipeg","MB","CA","WMHA","association","c7c30622-7595-450a-8ac4-89b813e76b97"
"Sexsmith Vipers","Sexsmith","AB","CA","APHL","association","c729c4e9-7c63-4174-a11c-44f08ebd269e"
"Shaker Heights Red Raiders","Shaker Heights","OH","US","CSHL","association","e58e3b09-3e7b-4a49-8298-07d9be77fc68"
"Shakopee Sabers","Shakopee","MN","US","MN06","association","7efc717d-14ac-46e5-8e31-07b35bfc3576"
"Shallow Lake Lakers","Shallow Lake","ON","CA","OMHA","association","a63ba649-a3b7-4763-83e3-162a5e463e85"
"Shattuck-St Mary's","Faribault","MN","US","NAT1HL","association","1ae778fb-6bdb-4223-ba35-e685c604e025"
"Shaunavon Badgers","Shaunavon","SK","CA","SSHL","association","82b658b7-7f45-4f40-8825-e16625f99c2d"
"SHAW Timberwolves","Milwaukee","WI","US","WAHA","association","a9930f94-997c-4af4-b86b-ebd1092a2130"
"Shawano Jr Hawks","Shawano","WI","US","WAHA","association","1345f993-eb6b-46b6-addd-8ab83511632a"
"Shawinigan Dynamos","Shawinigan","QC","CA","LHQCA","association","779e3624-6562-41e8-bc2d-db07038dbb15"
"Shawnigan Lake School","Shawnigan Lake","BC","CA","CSSHL","academy","ea252b62-93f2-43c4-9938-b1087b215286"
"Sheboygan Lakers","Sheboygan","WI","US","WAHA","association","63cbc0ff-0e28-4ce6-99e4-6cf3feaab76e"
"Shediac Cap-Pele Predateurs","Shediac","NB","CA","NBCBHL","association","5475fa77-8e61-41fa-a9b4-571abad0fc37"
"Shelburne Flames","Shelburne","NS","CA","SMHL","association","50a86c7f-3054-4c30-b331-28a52f383771"
"Shelburne Wolves","Shelburne","ON","CA","MOMHL","association","4c41b519-7267-464b-9bc8-794e5d9640a5"
"Shellbrook Elks","Shellbrook","SK","CA","TCHL","association","614984c2-af02-4a82-8bfd-91c59b80569f"
"Sherbrooke Harfangs","Sherbrooke","QC","CA","Estrie","association","56c8752a-3a7c-4d61-884f-d44fb5af0366"
"Sherbrooke Seminaire","Sherbrooke","QC","CA","RSEQ","association","11364611-91f6-40f9-9d26-b191da318c9b"
"Sheridan Hawks","Sheridan","WY","US","WAHL","association","7f879355-4a0d-44ce-8883-7b11939bc5ec"
"Sherwood Park","Sherwood Park","AB","CA","EFHL","association","a80c93ca-3340-4d9e-a3c2-4a737984be8b"
"Sherwood Park Kings","Sherwood Park","AB","CA","AEHL","association","8f0ebcc1-df64-4b2c-b0fb-eeee484632ac"
"Shilo Sentinels","Shilo","MB","CA","SWRHL","association","d8dd62ad-5731-4bce-8800-dfb854e91036"
"Shoal Lake Eagles","Shoal Lake","MB","CA","Parkissimo","association","4b7997a0-bd0f-43cd-88c5-b67bbbec3f27"
"Shoreline Sharks","Northford","CT","US","CGHL-CT","association","17794be4-6ec7-47b1-9f73-ade0b1d66bcd"
"Sicamous Jr Eagles","Sicamous","BC","CA","OMAHA","association","7483aa01-d3c7-4f53-9ef4-5ed17a2b7f99"
"Siksika Buffaloes","Gleichen","AB","CA","CAHL","association","bca3f821-3a69-459f-8aa3-c6e6821db5e3"
"Simcoe Warriors","Simcoe","ON","CA","OMHA","association","222b8513-f0ae-4969-a3ac-cc164c3f4a4e"
"Simsbury Youth","Simsbury","CT","US","CHC","association","15233fe8-8e35-4c1a-8f30-09316e5ee22c"
"Sioux Center Storm","Sioux Center","IA","US","SDAHA","association","4105e757-7a4d-470a-a425-b0e67def7a4d"
"Sioux City Jr Musketeers","Sioux City","IA","US","MwHL","association","ae05fc5e-eb66-400c-ba02-562784d07a6b"
"Sioux Falls Flyers","Sioux Falls","SD","US","SDAHA","association","44737925-352e-4ba3-8352-5ec8b8bfb726"
"Sioux Falls Power","Sioux Falls","SD","US","T1EHL","association","0b9215e1-4105-4284-bbd8-479fbef5696a"
"Sioux Lookout Jr Bombers","Sioux Lookout","ON","CA","HNO","association","e7435eb8-7709-4d08-b692-c48069e29b35"
"SISU Thunderbirds","Columbus","OH","US","MCHL","association","6ca18620-dd4a-4e4d-b93a-bdfdd7efaf6e"
"Six Nations Blackhawks","Ohsweken","ON","CA","OMHA","association","74edbc10-f08e-4d46-abc6-0cb82d1cc662"
"Skaneateles Lakers","Skaneateles","NY","US","CNY","association","d29c9597-ab7d-4910-92ce-21e716d459c8"
"Skokie Flyers","Skokie","IL","US","NWHL","association","110eebdc-7ea8-4730-bbc7-ad6c2a09f954"
"Skylands Kings","Stockholm","NJ","US","AHF","association","9fd8ca56-0932-4373-aaa7-9e23e97563db"
"Slave Lake Thunder","Slave Lake","AB","CA","APHL","association","510d583c-838e-49bb-8996-8034a52d6f80"
"Smithers Storm","Smithers","BC","CA","NWD","association","7735fff8-2ed9-4509-9855-f30db57cccbf"
"Smiths Falls Bears","Smiths Falls","ON","CA","UCMHL","association","fc5bcbc6-e209-4935-bcc5-8eb6fb09420a"
"Smiths Falls Cubs","Smiths Falls","ON","CA","OWHL-E","association","439634a2-65b0-4f7e-963f-b31b68997858"
"Smoky Lake Stars","Smoky Lake","AB","CA","NEAHL","association","e120bde2-a80d-4707-843a-49953c33f618"
"Smoky Mountain Wild","Knoxville","TN","US","SESCL","association","fc449858-d717-497c-ab51-b28fc5d42560"
"Smoky River Pirates","Falher","AB","CA","APHL","association","054de71d-6ff8-4f8f-98c5-495364194a8d"
"Smooth Rock Falls Rockies","Smooth Rock Falls","ON","CA","NEOHA","association","1458fe95-2144-42de-b750-5f8dea0ef240"
"SMS Devils","Sudbury","MA","US","VHL","association","3f702d2c-5b2f-4215-98f0-822e958b95fd"
"Snider Hockey","Philadelphia","PA","US","AGHF","association","f82f7361-6c94-49c1-ace3-c3a591b333d7"
"Sno-King Jr Thunderbirds","Kirkland","WA","US","Metro","association","0009b3a4-e3a8-4004-9562-16a0189ee94b"
"Snow Lake Spartans","Snow Lake","MB","CA","Norman","association","12faf050-9519-4e2c-8f0e-75ad2a226bf4"
"Somerset Spartans","Somerset","WI","US","MN02","association","ca494cc8-3e2f-4bab-887b-60758481a0e3"
"Somerville Highlanders","Somerville","MA","US","VHL","association","7177aad9-e47d-49f0-aa51-294fe90cbfd0"
"Soo","Sault Ste Marie","ON","CA","SPWHL","association","4aef0b2f-ee5c-40c6-89e9-bc481a4b4ea3"
"Soo Jr Greyhounds","Sault Ste Marie","ON","CA","Indep-G","association","57653d80-a014-417a-9434-5f92a20deb84"
"Soo Jr Greyhounds","Sault Ste Marie","ON","CA","NIntHL","association","8913adcc-dc51-407a-af46-12a82f84864b"
"Soo Jr Lakers","Sault Ste Marie","MI","US","Adray","association","d0224da1-1268-4718-bce8-2ded93796fca"
"Sooke Thunderbirds","Sooke","BC","CA","VIHL","association","c25c24f6-e34a-42d6-8272-0c5e244ec29e"
"Sorel Ste Julie Mariners","Sorel","QC","CA","LHER","association","23454238-8d85-4fae-8018-de9d25850122"
"Soulanges Ecole","Saint Polycarpe","QC","CA","RSEQ","association","b8641eb2-52dd-40b0-9c50-15e202934255"
"Soulanges Sasquatchs","St Polycarpe","QC","CA","LHGM","association","265dfe85-ffed-4643-ac05-fb8a3a5175c9"
"Sources Ecole","Dollard-Des-Ormeaux","QC","CA","RSEQ","association","8c75dd88-0926-47bf-bc22-dfeb2603cf3c"
"Souris Elks","Souris","MB","CA","SWRHL","association","30eb6f9f-cc60-49a1-acb6-e107ffad16c2"
"Souris Sea Hawks","Souris","PE","CA","HPEI","association","1d679dc8-baff-46fb-92ad-097d1f03f3ae"
"South Alberta Hockey Academy","Dunmore","AB","CA","CSSHL","academy","290b8c4a-84fe-41a8-a9f5-b27fbd5dbb94"
"South Bend Irish Rovers","South Bend","IN","US","LCAHL","association","f5a6c066-4614-4c3f-8c0d-68ca4c620957"
"South Boston Shamrocks","South Boston","MA","US","VHL","association","62052213-303a-45db-bb76-9757c56c5a5b"
"South Bruce Blades","Mildmay","ON","CA","OMHA","association","321c0ea5-85e9-40c4-a5b0-cec686df9f88"
"South Colchester Elks","Brookfield","NS","CA","NCHL","association","2c00c74a-38e4-4bea-aa45-525de76e2fc1"
"South Delta Storm","Delta","BC","CA","PCAHA","association","a6cb6ffb-b9f1-4faa-b0ae-dcfb93fcb807"
"South Dundas Lions","Morrisburg","ON","CA","UCMHL","association","70415a35-d2ca-415a-8036-dfc503166e2a"
"South End Rangers","Thunder Bay","ON","CA","HNO","association","a832b19e-2f72-4017-9004-48ceeba515c3"
"South Fayette Lions","South Fayette","PA","US","Independent","association","3ba11b70-5b54-418a-97a5-7563a24cbc48"
"South Florida Golden Wolves","Pembroke Pines","FL","US","SFHL","association","1dad7d26-559f-4798-832d-0b81bf139c5b"
"South Florida Lucky Pucks","Fort Lauderdale","FL","US","SFGHL","association","4af05194-c8cd-4d6e-862e-a8f1f0b8c9f0"
"South Grenville Rangers","Prescott","ON","CA","UCMHL","association","dd0ddd9a-b266-4077-883c-0817b87224bc"
"South Grey Spartans","Flesherton","ON","CA","MOMHL","association","1e39caf3-559d-462c-9cae-5c5ee5ae77db"
"South Hills Panthers","Bethel Park","PA","US","PAHL","association","50213bd6-7ad4-4669-8527-aaadefb92c0d"
"South Huron Sabres","Exeter","ON","CA","OMHA","association","50527673-c1bd-4b3e-aefc-581e19bbb76b"
"South Indy Sharks","Indianapolis","IN","US","BTHL","association","b1670fee-172c-4748-b9f8-847513e7afa7"
"South Kent Lightning","Blenheim","ON","CA","OMHA","association","bdaffd7a-5e93-477f-b5bb-c545e9d34413"
"South Kent School","South Kent","CT","US","PHC","academy","cda7a680-e9a7-485b-b945-7889d5da5f9d"
"South Muskoka Bears","Bracebridge","ON","CA","MOMHL","association","10f5dde4-245d-4c27-b886-7f352812de54"
"South Okanagan","Osoyoos","BC","CA","OMAHA","association","5eb30709-f80f-45e4-bcab-a77d700762c9"
"South Oxford Storm","Ingersoll","ON","CA","OMHA","association","b54f9f5b-7f04-42ff-8095-ccba81a122fd"
"South Pittsburgh Rebellion","Canonsburg","PA","US","PAHL","association","6683fdef-012d-43bf-afe4-0ff8df5ffbde"
"South Porcupine Jr Gold Kings","Porcupine","ON","CA","NEOHA","association","40b3305c-5b85-4ac2-8107-e40e1538c13b"
"South Shore Dynamos","Randolph","MA","US","Independent","association","50238f68-fed8-4866-93a5-ce68c5609383"
"South Shore Eagles","Abington","MA","US","BSHL","association","28100591-821a-4658-a40f-2f1495415ae4"
"South Shore Kings","Foxboro","MA","US","EHF","association","52188fe7-1f40-4e0a-94a4-d4e07a45db80"
"South Shore Lumberjacks","Bridgewater","NS","CA","CMHF","association","d9da59ce-7eec-4f0a-895c-92ff6eb0629a"
"South Shore Seahawks","Norwell","MA","US","BSHL","association","3638a3bd-d5be-44a2-b0a5-b752c932ae52"
"South Side Lynx","Crapaud","PE","CA","HPEI","association","26a17dff-28c8-4350-a22e-d45edb884c9d"
"South Simcoe Storm","Bradford","ON","CA","OMHA","association","b1ac5e34-2269-4f3d-bb9e-3db27c29f8ec"
"South St Paul Packers","South St Paul","MN","US","MN08","association","7ff31054-d4c8-442d-8b9b-37c768bb0098"
"South Stormont Selects","Long Sault","ON","CA","UCMHL","association","7baf4ae6-30ff-4fce-9e4e-cd128b1ef21a"
"South West Admirals","Blyth","ON","CA","OMHA","association","17c49141-bbac-4f8f-a77b-2126685f7bda"
"South Westchester Blackhawks","Bronxville","NY","US","EJEPL","association","38b0c839-c369-4649-b265-95f27bd96bbb"
"South Windsor Knights","South Windsor","CT","US","CHC","association","0f8d4717-c7cd-4fca-be0f-c5baa930e863"
"South Winnipeg Kings","Winnipeg","MB","CA","WMHA","association","1ed12883-e1eb-4928-9772-08ecd0005969"
"SouthCoast Panthers","New Bedford","MA","US","SSC","association","ab0f4912-9ccb-4070-bc4a-06040b00e325"
"Southeast Blades","Duluth","GA","US","Independent","association","8833cf96-73f5-45b9-8510-c71cf77864cc"
"Southeast Storm Devils","Carievale","SK","CA","MMMHL","association","78509370-09db-4775-a347-0bd6e32f47ef"
"Southeast Surge","Listowel","ON","CA","OMHA","association","ad590e50-8dd0-486d-99f0-0c11d7adf9e8"
"Southeastern CT Seahawks","Norwich","CT","US","CHC","association","d4ee1069-35f7-419e-a30a-629f988c831f"
"Southeastern New England Devils","North Attleborough","MA","US","SSC","association","16c9621a-b9b9-48fb-a0a9-88a53e92fbc7"
"SouthEnd Capitals","Ottawa","ON","CA","BMHL","association","661db64a-74e2-4413-aa71-382148da2214"
"Southern Aroostook Jr Blackhawks","Houlton","ME","US","MEAHA","association","994a85df-cca8-4123-ae1e-ae0ab1380a39"
"Southern Illinois Ice Hawks","O'Fallon","IL","US","MoAm","association","e688fd4d-08a2-4914-a181-a64efa7ddc18"
"Southern Maryland Sabres","Waldorf","MD","US","AHF","association","985e22a1-7b5a-4675-8887-d05500db7ef4"
"Southern Shore Breakers","Witless Bay","NL","CA","DJHL","association","6dc34707-0d15-4bd9-93ca-8bb01766fee1"
"Southern Steelers","Emerson","MB","CA","Eastman","association","08a4f003-89cf-4faf-828d-b7c5d11c13f9"
"Southern Steelers","Dominion City","MB","CA","Eastman","association","21a32098-46a9-46de-b844-69997b50b958"
"Southern Tier Admirals","Welland","ON","CA","OMHA","association","4648940a-0d6b-474f-b858-46b778ca02e4"
"Southey Marlins","Southey","SK","CA","HR","association","a6c31762-eb9a-4070-b144-69ecb7c70958"
"Southpoint Capitals","Leamington","ON","CA","OMHA","association","a0247ab9-07bf-4276-99ed-f01c6b5c8ecf"
"Southpoint Stars","Leamington","ON","CA","OWHA","association","2f60eda2-0e94-48d2-8c28-541ef6e6f2e0"
"Southside Valkyries","Apple Valley","MN","US","MN08","association","1c82ff97-6801-4808-894e-85302d96488c"
"Southtowns Stars","West Seneca","NY","US","GLGHL","association","1a28aab5-5aaf-4cd1-9865-c9abf29fefab"
"Southwest Bullets","Glencoe","ON","CA","OMHA","association","38ffef74-379a-411c-a527-35c238eb68e1"
"Southwest Cougars","Calgary","AB","CA","HC","association","32615ce5-a2df-4474-aebd-94ecf0a5b765"
"Space Coast Rockets","Rockledge","FL","US","SFHL","association","9e0900b6-2550-4880-b625-eece15271009"
"Sparta/Tomah Titans","Sparta","WI","US","WAHA","association","32d8f6ec-e20c-4a5e-a90c-608a63e102b1"
"Spirit River Rangers","Spirit River","AB","CA","APHL","association","96f16694-3eb6-4235-be0f-b185cff2c950"
"Spiritwood Timberwolves","Spiritwood","SK","CA","HW14","association","e7da854e-f864-41ad-9425-c2370ab1860e"
"Split Lake Eagles","Split Lake","MB","CA","Norman","association","b2619c72-6ab1-4d06-b929-5df9aa27e99f"
"Spokane Jr Chiefs","Spokane","WA","US","OMAHA","association","8c752f54-3b9c-403f-b597-541c34998a3c"
"Spokane Warhorses","Cheney","WA","US","PNAHA","association","00eeb64f-021f-4d09-92c1-e9a55bdca6cd"
"Spooner Rails","Spooner","WI","US","WAHA","association","ba743e65-0d21-45f1-9b6b-77eeee6751d1"
"Spring Lake Park Panthers","Spring Lake Park","MN","US","MN10","association","2e5fc554-3a85-4b30-94c6-9a1c0dfbce84"
"Springbank Rockies","Calgary","AB","CA","HC","association","51d9d89e-3643-4334-afbb-18f0df2b7928"
"Springdale Braves","Springdale","NL","CA","Independent","association","15075d76-7e0b-4f54-943d-627413fdf18f"
"Springfield Icehawks","Oakbank","MB","CA","Eastman","association","085c245b-c2c6-4cab-be41-2080fbbd991c"
"Springfield Jr Thunderbirds","West Springfield","MA","US","BEAST","association","a61dfffd-20aa-4eb7-9e4f-c8b2f4cef318"
"Springfield Jr Yellow Jackets","Springfield","MA","US","GSL","association","a456e63c-05f5-4414-8b2d-5eb99df51647"
"Springfield Kings","Springfield","IL","US","MoAm","association","2fe0259b-ad1d-43d7-97ff-b6b69eb9e8c8"
"Springfield Pics","West Springfield","MA","US","THF","association","f5bbda0a-3bd0-4c14-92a5-c3dca1d714bd"
"Springfield Spirit","Springfield","MO","US","MoAm","association","545137ce-03df-4afa-a4f5-74910e4a8e5d"
"Spruce Grove","Spruce Grove","AB","CA","EFHL","association","4c89d87b-11dc-4178-b05a-d94374e936d6"
"Spruceview Stars","Spruce View","AB","CA","CAHL","association","1a6d6061-9432-4682-a140-0cf8f8a28b92"
"Squamish Eagles","Squamish","BC","CA","PCAHA","association","83f66568-bdc2-4138-90c8-551d57635109"
"SRI Jr Rams","Wakefield","RI","US","SCHL","association","875a436b-780d-49c8-a934-d06a527d77c4"
"St Adolphe Hawks","St Adolphe","MB","CA","Eastman","association","5f6f9afe-c3e8-4f2a-8dcc-ae8edc338c76"
"St Albans Hockey","St Albans","VT","US","VSAHA","association","3fb0145f-3f32-457c-97cf-3d41f9457c42"
"St Albert","St Albert","AB","CA","EFHL","association","3d02d09a-b865-4f20-bb28-6b71f3844d84"
"St Albert Raiders","St Albert","AB","CA","AEHL","association","cf87f5dd-bd37-484d-b083-ed8f74b6a946"
"St Andrews College","Aurora","ON","CA","PHC","academy","fd5a29b9-9817-451f-8239-807276451999"
"St Anthony Polars","St Anthony","NL","CA","Independent","association","d1eb9eff-0286-4fc8-b27d-ab7ae434d4df"
"St Basile Centurions","St Basile le Grand","QC","CA","LHER","association","1e34c3f7-5265-4b7b-a365-135ae26aa147"
"St Boniface Seals","Winnipeg","MB","CA","WMHA","association","629b00d0-c2de-4aaa-bc49-aa5e863dacc9"
"St Brieux Nordiques","St Brieux","SK","CA","NEMHL","association","eea354e7-c8e5-49c4-af01-4514e36e4861"
"St Bruno Eagles","St Bruno","QC","CA","LHER","association","516926bf-5422-4596-959b-fd336e1d92d2"
"St Catharines Brock Jr Badgers","St Catharines","ON","CA","OWHA","association","5f9d4c5e-e481-4c5f-be00-f3f829aa08fc"
"St Catharines IceDogs","St Catharines","ON","CA","OMHA","association","2ba8e46f-5a9c-4937-ac58-cba3e269d585"
"St Catharines Jr Falcons","St Catharines","ON","CA","NDHL","association","a3cdce7c-da38-4f52-8f84-ef45c2c32087"
"St Clair Shores Saints","St Clair Shores","MI","US","LCAHL","association","f11f5f37-9d06-4b0c-82d1-047155ac6a8b"
"St Claude","St Claude","MB","CA","PVMHA","association","104c471d-66ea-45b9-8ed8-ad11aeb1836d"
"St Cloud","St Cloud","MN","US","MN05","association","d9374a23-fdb5-4fca-b841-309045a19303"
"St Constant Lynx","St Constant","QC","CA","LHER","association","980e6f40-28aa-4309-a91c-7a039c464673"
"St Donat/RDP Dragons","Montreal","QC","CA","MON","association","e345514a-bae8-454c-ad5f-bbc52c995eda"
"St Eustache Jets","St Eustache","MB","CA","CPMHA","association","4fc2927a-00a7-4309-a55e-743465f1f3df"
"St Francis Fighting Saints","St Francis","MN","US","MN10","association","37a7fb09-495c-4063-8ce5-b54e4bebdbe8"
"St George Generals","St George","ON","CA","OMHA","association","a48cb165-6c4c-4bd5-baf5-06f76a800246"
"St Georges School","Vancouver","BC","CA","CSSHL","academy","d426c24c-766c-4966-b914-5a2561ce75d2"
"St Hubert Jets","St Hubert","QC","CA","LHER","association","b69e25cd-e96a-4096-b412-f217a78234b3"
"St Hyacinthe Musketeers","St Hyacinthe","QC","CA","LHER","association","9481e33d-637b-4951-8d5e-a8d6b13779fa"
"St Ignace Firehawks","St Ignace","MI","US","Adray","association","980bd626-b6b5-4392-8801-5ec2f113309a"
"St James HC","Springfield","VA","US","AGHF","association","e266316a-387a-4c5e-9fcd-6552eaae7667"
"St James-Assiniboia Canucks","Winnipeg","MB","CA","WMHA","association","940e728b-7d45-4f9e-9536-90c319b3d354"
"St Jean Eagles","St Jean sur Richelie","QC","CA","LHER","association","69b5c037-0040-4008-b55c-2c4287eccd28"
"St John's Caps","St John's","NL","CA","DJHL","association","214b803c-bfbf-4f6a-b3f7-9a676bd153e5"
"St Jude Knights","Crestwood","IL","US","CSDHL","association","4642b2d7-5761-4dd3-8f11-c0268f05fe77"
"St Laurent Lake Monsters","St Laurent","MB","CA","IMH","association","a47fd15c-c6b1-445a-a173-eb2b7ad68a23"
"St Laurent Phenix","St Laurent","QC","CA","LHGM","association","e0bdc7e5-a6e7-46e5-a9d1-3617d12137c5"
"St Laurent Stars","St Laurent Stars","QC","CA","LHER","association","cf122eea-d51e-4f3a-a7d3-db92cd2e9b9e"
"St Leonard Bulldogs","Montreal","QC","CA","MON","association","42e9c69e-9f0e-4545-816e-1693217c0a36"
"St Leonard/Ste Anne","St Leonard","NB","CA","NBD1&2","association","27b71a4d-7f99-47fb-a26a-3bd743e6d778"
"St Lin-Laurentides Gaulois","St Lin","QC","CA","LH3L","association","12198746-dea4-4f23-8c2a-989dbb984c5f"
"St Louis Blues","St Louis","MO","US","T1EHL","association","f502004c-5406-45f6-82f4-b644498966c5"
"St Louis Eagles","St Louis","MO","US","CSDHL","association","8843f890-6623-41ce-ade7-ccaa22ce076e"
"St Louis Knights","St Louis","MO","US","CSDHL","association","b9b9fbcd-a1a4-415d-8da5-89a22ed275f1"
"St Louis Lady Cyclones","St Louis","MO","US","MoAm","association","65d7d087-19af-46a3-a55a-bed291dcf455"
"St Louis Park Orioles","St Louis Park","MN","US","MN03","association","86515495-cf49-46a0-b51f-7f279bfdfc58"
"St Louis Rockets","St Louis","MO","US","MoAm","association","bdf103fe-05fa-4b3f-8f43-ec21758655bc"
"St Louis Sting","St Louis","MO","US","CSDHL","association","0e9fa249-1c4c-453b-97ba-c0614b979313"
"St Marys Point Saints","Lakeland","MN","US","MN02","association","b7bb38ad-da57-469f-b06c-81287af3d34d"
"St Marys Rock","St Marys","ON","CA","OMHA","association","f13b5947-b19f-4c95-ac49-e8be8f7e2c73"
"St Michael-Albertville Knights","Albertville","MN","US","MN05","association","9107c734-62c9-416a-abbb-ffa9dcd84968"
"St Patricks HS","Quebec","QC","CA","RSEQ","association","2828ffed-dc51-4cc8-b378-fe6ad23d7618"
"St Paul Canadiens","St Paul","AB","CA","NEAHL","association","675d7079-1cce-457d-a425-291bb44c2ab0"
"St Paul Capitals","St Paul","MN","US","MN02","association","cf187797-4784-4672-aea8-1b62cca96ff7"
"St Paul Saints","St Paul","MN","US","MN02","association","99b5e83a-cc07-440a-a4a9-36e1739008f4"
"St Peters HC","St Peters","MO","US","MoAm","association","aaa59eb0-20d2-4de4-af36-59a8e85f66e7"
"St Raymond Lynx","St Raymond","QC","CA","LHQCA","association","0764fbc4-c66d-43a7-bf0d-2fa53bb763dd"
"St Remi Dragons","St Remi","QC","CA","LHER","association","2eeea24b-d26b-4b32-bebe-ecaa4e44e787"
"St Stephen Spartans","St Stephen","NB","CA","SNBMHL","association","b951457d-efa1-4dfe-8343-74a75fe8a03b"
"St Thomas HS","Pointe Claire","QC","CA","RSEQ","association","e3712368-f226-4055-8d5a-b892846cb6e4"
"St Thomas Jr Stars","St Thomas","ON","CA","OMHA","association","6f905902-954d-4075-8432-81dd096aee9d"
"St Thomas Panthers","St Thomas","ON","CA","OWHA","association","0cfb7f38-a210-4b3e-af7f-456b06903ba0"
"St Vital Victorias","Winnipeg","MB","CA","WMHA","association","bbc97069-122d-433e-ab4d-672cfa18843e"
"St Walburg Eagles","St Walburg","SK","CA","STEP","association","081b5e19-92df-4c09-ab16-2955a23f04fd"
"St-Boniface Boum","St-Boniface","QC","CA","Mauricie","association","9ac2ee41-796d-49df-859b-55f1b7ea16ba"
"St-Eustache Patriots","St-Eustache","QC","CA","LH3L","association","9d276c50-3667-48d3-a0c2-8709e0e6be6f"
"St-Felicien Bulldogs","St-Felicien","QC","CA","SLJ","association","2ff988dd-1376-4f21-8c30-50d5e977f26e"
"St-Foy Sillery Gouverneurs","Sainte Foy","QC","CA","LHQCA","association","6887a650-f1d7-458c-b23d-46c0501a0cf5"
"St-Georges Garaga","St-Georges","QC","CA","LCRSE","association","c4cb6314-b8df-475c-baf7-70a0c98b449a"
"St-Jerome Lions","St-Jerome","QC","CA","LH3L","association","f37661e4-0936-4c96-8920-6420e8702648"
"St-Louis-de-France Titans","St-Louis-de-France","QC","CA","Mauricie","association","15e4f3fd-356a-4ec6-9154-8ee4da13c59e"
"St-Marc Predators","St-Marc-des-Carriere","QC","CA","Mauricie","association","770faa04-e3fc-4eab-ac2e-ab5839dbcbb9"
"Stamford Sharks","Stamford","CT","US","CGHL-CT","association","34f6ea85-e831-431b-8d72-cad95ffc78a6"
"Stanstead College","Stanstead","QC","CA","RSEQ","academy","6e5d7ae4-288f-42f6-bf52-dae301202d7b"
"STAR Hockey Academy","Kent","WA","US","CSSHL","academy","b2f2f011-e5d9-4990-ab60-703e806c0b98"
"State College Icers","State College","PA","US","PAHL","academy","7d9024b7-ad1f-462c-afc0-12e70a5de4e4"
"Stateline Hawks","Mamaroneck","NY","US","AGHF","association","4b45c8cb-cd8e-475a-b7a9-aea545757bbc"
"Ste Anne Aces","Ste Anne","MB","CA","Eastman","association","bbb22a46-2822-4a54-981a-47e24d59e3f0"
"Ste Julie Grizzly","Ste Julie","QC","CA","LHER","association","24b6acfe-09a2-41a9-9589-1eb9281bcbf6"
"Ste Martine Blizzard","Ste Martine","QC","CA","LHGM","association","06abcfdf-4d00-483e-bb5a-166da264010d"
"Ste Rose Royals","Ste Rose","MB","CA","Parkissimo","association","6d350cb7-fe76-45b5-bae9-192e7fc7d17e"
"Ste Therese Academie","Sainte Therese","QC","CA","RSEQ","association","26f81ea1-4103-4194-96d2-42f7715bbebd"
"Steamboat Stampede","Steamboat Springs","CO","US","CAHA-CO","association","3601d7e9-d19a-4837-8feb-39e79e4022a2"
"Steinbach Millers","Steinbach","MB","CA","Eastman","association","8b1a4494-c2f2-491e-8bf0-355a5f5c4131"
"Stephenville Jets","Stephenville","NL","CA","Independent","association","60386ad3-c2d0-4040-9cf7-cf27ef55d943"
"Stettler Lightning","Stettler","AB","CA","CAHL","association","3f26b809-54cd-49fa-8159-1294e3cbe067"
"Stevens Point Ice Hawks","Stevens Point","WI","US","WAHA","association","87898849-8fb1-4fb8-8aa9-c6131e5756df"
"Stewart","Stewart","BC","CA","NWD","association","f8029805-1432-4ae3-8573-222eb7c5c9db"
"Stikine","Dease Lake","BC","CA","NWD","association","41e4e551-7379-4af0-aef4-9f55c359c4d9"
"Stillwater Ponies","Stillwater","MN","US","MN02","association","e6127a79-61f4-40dd-b278-c0745640c35b"
"Stirling Blues","Stirling","ON","CA","EOMHL","association","dcf668f5-d9a3-442a-9366-91baaa080c6b"
"Stittsville Rams","Stittsville","ON","CA","LCMHL","association","8c5b9def-812f-4cfd-bea4-05a3f8369b26"
"Stittsville Rockets","Stittsville","ON","CA","OWHL-E","association","d0cf2bdb-300b-4aa9-af22-b531db24a7a9"
"Stockton Colts","Stockton","CA","US","CAHA","association","55957302-cd2c-4b57-8463-ec2015b4972d"
"Stoneham Spartans","Stoneham","MA","US","VHL","association","88233c74-ff53-488d-95c3-019b5fdb9f63"
"Stonewall Blues","Stonewall","MB","CA","IMH","association","e261b1b5-a565-4a1e-af9d-1b1113f51104"
"Stoney Creek Sabres","Stoney Creek","ON","CA","OWHA","association","763f36d3-eae0-4409-9f13-e3af79844de0"
"Stoney Creek Warriors","Stoney Creek","ON","CA","OMHA","association","0d6aaa1f-3295-4405-9098-bd6ae0efd123"
"Stony Mountain Flames","Stony Mountain","MB","CA","IMH","association","86060158-0482-4139-91e4-93b089c22aee"
"Stony Plain Predators","Stony Plain","AB","CA","EFHL","association","949bb9ea-5f86-49b0-90da-314e02e0f850"
"Stouffville Clippers","Stouffville","ON","CA","OMHA","association","229f733b-8b6b-40c7-a695-8080b8ed895c"
"Stoughton Vikings","Stoughton","WI","US","WAHA","association","762a9bfe-17fa-4ebb-aba6-7c305d2e6a12"
"Stowe Raiders","Stowe","VT","US","VSAHA","association","52c62f71-3499-4a49-bfd8-f5db6efbe298"
"Straight Shore Storm","Wesleyville","NL","CA","Independent","association","b060bc0f-bcca-4827-bd43-de18e1e3a66e"
"Strait Richmond Pirates","Port Hawkesbury","NS","CA","NCHL","association","eba9f1f4-42fd-4b74-9292-3e49956602cd"
"Straits Rifters","Saint Barbe","NL","CA","Independent","association","6f50a06a-afb2-4aef-8ee9-a7fd14fdf9c6"
"Strasbourg Maroons","Strasbourg","SK","CA","ECMHL","association","9e5a923a-fb94-4472-9476-6f82fce35cf5"
"Stratford Aces","Stratford","ON","CA","OWHA","association","1e0f97e3-c984-4169-834b-a9c234d02cf6"
"Stratford Warriors","Stratford","ON","CA","OMHA","association","f5fdf876-1d90-4398-af61-9dfec3ca830e"
"Strathcona Warriors","Strathcona","AB","CA","AEHL","association","befdcdd1-c0e9-466e-98cb-3beea146a95e"
"Strathmore Storm","Strathmore","AB","CA","CAHL","association","7295ff69-31be-4c4e-90a7-f4c5e1a455aa"
"Strathroy Jr Rockets","Strathroy","ON","CA","OMHA","association","a1126fde-fac2-49de-8a00-861d2dfe8ee9"
"Streetsville Derbys","Streetsville","ON","CA","MHL","association","9c859dab-71e9-441f-ad99-a31f41e317f8"
"Streetsville Tigers","Streetsville","ON","CA","GTHL","association","afba9ae9-7932-4a26-85dd-c05443f2d29d"
"Strongsville Mustangs","Strongsville","OH","US","CSHL","association","c36e7e84-90ed-41ff-a0c3-0a5c4f01907e"
"Sturgeon Lake Thunder","Fenelon Falls","ON","CA","OMHA","association","6c2a3e3e-4744-47ec-a79b-68f8c2420cb3"
"Sturgeon Sting","Morinville","AB","CA","EFHL","association","2aef89bd-eddd-47fa-b56d-cdb7314521ac"
"Sud-Ouest Attack","Montreal","QC","CA","LHGM","association","175b10b2-072e-4f0f-ae9c-f669d861e5a5"
"Sudbury Lady Wolves","Sudbury","ON","CA","OWHA","association","e10ae843-97d6-4524-a8d2-1475c644f3d7"
"Sudbury Wolves","Sudbury","ON","CA","NDMHL","association","4e255d61-4b73-4226-a3ba-bf2a11761a8a"
"Summerland Jets","Summerland","BC","CA","OMAHA","association","2e0d4c2d-9659-44d0-a5c3-320cd602d1da"
"Summerside Capitals","Summerside","PE","CA","HPEI","association","0f4adb03-849f-467e-85f8-2aa5b4c98a3d"
"Summit Lightning","Breckenridge","CO","US","CAHA-CO","association","88c4ccd0-a139-4b1c-b3bf-47781f1f2051"
"Sun County Panthers","Essex","ON","CA","OMHA","association","f1cf0777-f7c0-4c0d-9e6e-ac6b0b254d35"
"Sun Prairie Groundhogs","Sun Prairie","WI","US","WAHA","association","59379d80-d7ae-416d-bb16-5ab5b939d3e7"
"Sun Valley","Sun Valley","ID","US","IAHA","association","f5ef734e-65da-48a7-8ade-d2754d42fe8b"
"Sundre Huskies","Sundre","AB","CA","CAHL","association","0bda039f-08a5-469e-906b-dd7aecbe1ba7"
"Sunshine Coast Blues","Sechelt","BC","CA","PCAHA","association","6892d792-5da0-4a4d-93cb-27ed2183fa4c"
"Superior Spartans","Superior","WI","US","MN11","association","0b8935fa-864c-4e29-b78b-c6cb476f297f"
"Suroit Express","Chateauguay","QC","CA","LHGM","association","16be38bd-0327-4aec-a8e8-b853408a2ce4"
"Surrey Falcons","Surrey","BC","CA","PCAHA","association","19bace6c-bf0a-4529-a098-f16c06403d81"
"Surrey Thunder","Surrey","BC","CA","PCAHA","association","270eccf8-d5a9-4b4b-8f42-c3867c69fd2c"
"Susquehanna Valley Stampede","Sunbury","PA","US","DVHL","association","b2f81e83-2659-45fc-a56c-6d4bdb145bb0"
"Sussex Rangers","Sussex","NB","CA","SNBMHL","association","433be530-f461-4741-a403-92881195d457"
"Swan Lake Cougars","Swan Lake","MB","CA","PVMHA","association","86c57e2a-32e5-49ed-be8e-6895b53cb117"
"Swan Valley Stampeders","Swan River","MB","CA","MHL-SK","association","b95faf73-cebd-4b52-8893-8ec34df32824"
"SWAT","Edmonton","AB","CA","EFHL","association","8a6e4ecb-0eba-458a-addd-4f19b47c518a"
"Swift Current","Swift Current","SK","CA","SAAHL","association","3c0b5f0d-71a8-43bb-b6c8-f4a1dafa8fd0"
"SWZ Oil Kings","Edmonton","AB","CA","EFHL","association","be4318d2-8e88-4f0f-9179-59c8e1ae559f"
"Sydney Steelers","Sydney","NS","CA","NCHL","association","afab40a5-e9ea-4e3b-af3e-f86c852a6c31"
"Sylvan Lake Lakers","Sylvan Lake","AB","CA","CAHL","association","a6de6f22-bef2-4d30-a62f-ed6992c72c96"
"Sylvania North Stars","Sylvania","OH","US","LCAHL","association","c1db5c3a-1cb8-4706-bf9c-1ef70eb01033"
"Syracuse Nationals","Syracuse","NY","US","Independent","association","4116272c-0a89-4088-a399-f480dc0d8946"
"Syracuse Valley Eagles","Syracuse","NY","US","CNY","association","00753343-33ce-4b94-8ea1-2d0b9d8f3553"
"Taber Golden Suns","Taber","AB","CA","CAHL","association","b11cb6e7-90c2-4339-91fd-18e188495ad1"
"Tacoma Rockets","Tacoma","WA","US","Metro","association","f715f2c6-6d47-4fcf-8514-0430051bf3a3"
"Tahquamenon Red Wings","Newberry","MI","US","CUP","association","d2174a4f-5097-4e80-a74b-9cd9b9ac38ba"
"Talbot Trail Blazers","Essex","ON","CA","Bluewater","association","70ae3ddb-ea3b-44b3-abe6-31a2a4b2889d"
"Tampa Bay Crunch","Wesley Chapel","FL","US","NGHL","association","78912096-82e8-48a7-8971-c022f4dbf1ab"
"Tampa Bay Hockey Club","Oldsmar","FL","US","SFHL","association","c716cadf-0b0a-4991-8ef0-3f04284b0717"
"Tampa Bay Krewe","Wesley Chapel","FL","US","Independent","association","d0df068b-d49e-496e-a805-dc233a48ae3e"
"Tampa Bay Lightning","Oldsmar","FL","US","SFGHL","association","3359ce9f-e751-4633-853b-7bfd5bc997f5"
"Tampa Bulls","Brandon","FL","US","SFHL","association","ee850060-3912-409e-ba2f-038cba422c01"
"Taos Jr Ice Tigers","Taos","NM","US","LOEAHA","association","d1768b23-bc1f-4ef1-9f11-a42db4713be7"
"TASA Ducks","Upper Tantallon","NS","CA","CMHF","association","063036ae-8c9f-4ff0-91b0-cc835ffa9035"
"Tatamagouche Titans","Tatamagouche","NS","CA","Independent","association","6cf9bcab-b804-42a7-b12c-281f5d1a0935"
"Tavistock Titans","Tavistock","ON","CA","OMHA","association","45b38980-f41f-4c22-b4c9-2e559e7e4174"
"Tawas Blackhawks","Tawas","MI","US","Independent","association","e24d787b-85fc-4ba6-840b-f4cbdf992ddd"
"Taylor Tornados","Taylor","BC","CA","APHL","association","c13ceea2-a3a6-4984-b1cb-9a14d61d720f"
"Team Alaska","Anchorage","AK","US","ASHA","association","f71edcb1-194f-43ab-a17d-8a2ae442352b"
"Team Colorado","Denver","CO","US","CAHA-CO","association","03f24344-9fe2-40f4-ab1b-904916bb04f5"
"Team Columbus","Columbus","OH","US","Independent","association","e13bd366-6d2e-4330-8c8b-4acdecce3e6c"
"Team Illinois","Addison","IL","US","Independent","association","9da7197b-28a1-49cc-bb67-04124a3eb6ca"
"Team Long Island","Huntington","NY","US","AGHF","association","02a63b7b-3ec2-4bb2-9f9b-271eb53e4e6a"
"Team Maryland","Rockville","MD","US","THF","association","1756b001-ecca-41ae-9917-76d2d79a1da3"
"Team Minnesota HC","Minneapolis","MN","US","Independent","association","d03cb2c9-c261-4c51-97a3-d558758328d2"
"Team North Dakota","Fargo","ND","US","Independent","association","f91525f4-17cb-43a2-9172-79a68aa8dcd6"
"Team Ohio","Lakewood","OH","US","Independent","association","a71af904-c2ce-4050-a270-fe20d8073349"
"Team Philadelphia","West Chester","PA","US","AHF","association","dc415195-5281-4a20-a358-3f70dd0bb72a"
"Team South Dakota","Sioux Falls","SD","US","Independent","association","403f64fb-5cfd-4652-b7f2-63448c51f007"
"Team Wisconsin","Madison","WI","US","Independent","association","97901e99-48f9-43b3-a6f9-683bf37c0261"
"Team Wyoming","Casper","WY","US","WAHL","association","b4b52b09-4afa-49be-a118-13851fdf141f"
"Tecumseh Shoreline Eagles","Tecumseh","ON","CA","Bluewater","association","60e1ba8b-8afd-4f74-91ad-7195d824abc1"
"Ted Reeve Thunder","Toronto","ON","CA","GTHL","association","dc804a6e-0855-44f0-92a7-14efcf80b282"
"Telluride Lizard Heads","Telluride","CO","US","CAHA-CO","association","0a48d16e-0b0b-415f-bfb6-816582b52935"
"Temagami","Temagami","ON","CA","NDHL-N","association","b2ccaf19-dbcf-40fe-83d7-76dc4c84709f"
"Temiscaming Royals","Temiscaming","QC","CA","Abitibi","association","e5e2bc3c-c74d-4882-bd5b-5d82ecefab28"
"Temiscouata Fleur de Lys","Temiscouata-sur-le-Lac","QC","CA","BSL","association","716c4c5b-f1e4-4ec2-9e6f-e2688e63f968"
"Temiskaming Shores Puckhounds","New Liskeard","ON","CA","NDHL-N","association","391647bb-3183-4507-96c3-5b454719d2fe"
"Tennessee Wolverines","Nashville","TN","US","CGHL-CE","association","811af356-7687-4c1b-b153-227e59375769"
"Terrace Bay Superior Stars","Terrace Bay","ON","CA","HNO","association","004ef0e0-b617-4be6-a1c9-336944114f3e"
"Terrace Kermode","Terrace","BC","CA","NWD","association","f2ab30f8-def0-412a-9454-608563bcf3e7"
"Terrebonne Gouverneurs","Terrebonne","QC","CA","LH3L","association","ddc3768d-21ff-4810-870d-0a5b8d5d4a9c"
"Teton Valley Cutthroats","Victor","ID","US","Independent","association","fe8caea1-ac79-4550-9184-08d6e14ae45a"
"Teulon Tigers","Teulon","MB","CA","IMH","association","7fba8f03-134d-4d29-bc91-670c0b3d5049"
"Tewksbury Redmen","Tewksbury","MA","US","MYCGL","association","f595a1b6-2ded-4ae5-9925-13e0de2aee4c"
"Texas Heat","Euless","TX","US","THL","association","c91e07d2-da9c-42f0-9c30-39c15604f037"
"Texas Jr Brahmas","North Richland Hills","TX","US","THL","association","a7afb391-1b89-454b-b084-023d1739e461"
"Texas Jr Stars","Austin","TX","US","THL","association","71c71926-c572-4da0-84bd-9fc46dc25d96"
"Texas Outlaws","College Station","TX","US","Independent","association","71b033d8-bb82-4b9f-b61c-834048d801aa"
"Texas Tigers","Farmers Branch","TX","US","THL","association","32dd2182-4929-494b-a4bb-727a8258d7a8"
"Texas Warriors","Richardson","TX","US","THL","association","13dd36ad-2420-47fb-a066-692c4687099a"
"Thamesford Attack","Thamesford","ON","CA","OMHA","association","f463b2eb-4512-41bf-998f-11c530a5b90f"
"The Pas Huskies","The Pas","MB","CA","Norman","association","0a17a835-848f-4d71-9ec7-bb49806b5675"
"Therese Martin Ecole","Joliette","QC","CA","RSEQ","association","1dbfcf7e-7419-47c6-90c1-aecec3c23275"
"Thetford Mines Appalaches","Thetford Mines","QC","CA","LHQCA","association","1c5f0a5a-b8e3-43c4-8620-8528a85979e1"
"Thetford Mines Polyvalente","Thetford Mines","QC","CA","RSEQ","association","e2a8a766-afd3-4c50-b76e-24d22ebd2c11"
"Thief River Falls Prowlers","Thief River Falls","MN","US","MN16","association","6f2288b5-34ce-4d01-8edc-322468bf0fb4"
"Thompson Blazers","Kamloops","BC","CA","BCEHL","association","62eba72b-2b6a-4858-a37e-51b5709cd4f3"
"Thompson Cariboo","Ashcroft","BC","CA","OMAHA","association","cf34fb62-ab9e-40cf-9318-efe640972d8a"
"Thompson King Miners","Thompson","MB","CA","Norman","association","645383f0-b7d9-43e7-835d-55120caf96cc"
"Thorhild Titans","Thorhild","AB","CA","NEAHL","association","4abc0b71-de7f-4727-9f96-7d394432dddc"
"Thorold Blackhawks","Thorold","ON","CA","NDHL","association","3da24c63-bec9-4b1a-90fc-c715492e4f63"
"Thousand Island Pirates","Clayton","NY","US","NNYSHL","association","e77fedcd-3e4e-4a78-850d-b231297b9b8d"
"Thunder Bay Beavers","Thunder Bay","ON","CA","HNO","association","ad62a649-90a0-46a9-a134-85c900d7fec1"
"Thunder Bay Elks","Thunder Bay","ON","CA","HNO","association","cb2c0ac8-5cf1-4dfd-a953-fd449905aa50"
"Thunder Bay Fury","Thunder Bay","ON","CA","Indep-G","association","c9d755ec-d469-411d-82ee-054a5361a23c"
"Thunder Bay Kings","Thunder Bay","ON","CA","NOHLAAA","association","70616432-11de-4868-873b-2173e2c56ff4"
"Thunder Bay Queens","Thunder Bay","ON","CA","Indep-G","association","efefd0a4-01d6-4e31-bcca-ac8ffd5e3586"
"Thunderstars HC","Forestburg","AB","CA","CAHL","association","db6860dd-976b-4a2c-a767-d20bdadeeb4b"
"Tignish Aces","Tignish","PE","CA","HPEI","association","d11d3673-c93d-47f7-9ce6-99e02fc8ff17"
"Tillsonburg Tornadoes","Tillsonburg","ON","CA","WOGHL","association","e78b61e7-439e-4918-a5d8-a3b47c039abb"
"Timmins Falcons","Timmins","ON","CA","NEOHA","association","175ec8dd-f51e-4d29-86af-c51e38cadfa8"
"Timmins North Stars","Timmins","ON","CA","NDMHL","association","78344b16-6bad-4ada-980c-86faf2a5f45d"
"Tisdale Ramblers","Tisdale","SK","CA","NEMHL","association","41c67fc1-cd18-4cc7-baa4-864a7d043054"
"TNT Tornados","New Tecumseth","ON","CA","OMHA","association","0502d971-64c0-4ffb-9c6f-04923df5f560"
"Toledo Cherokee","Toledo","OH","US","LCAHL","association","3ca4935b-0f1b-42c0-8df0-449924b019d5"
"Tomah/Sparta Titans","Tomah","WI","US","WAHA","association","ee06e099-a187-431c-87d0-8f3cd56edee6"
"Tomahawk Hatchets","Tomahawk","WI","US","WAHA","association","3f7cd8f6-a2ea-441b-8cbf-c31607181428"
"Tomorrow's Ice","Abingdon","MD","US","AHF","association","472ebe56-e8c0-40f7-957f-ef1e29b56182"
"Toms River Blackhawks","Toms River","NJ","US","AHF","association","17b0484d-c148-4b98-ab82-73526704602a"
"Tonawanda Whalers","Tonawanda","NY","US","WNYAHL","association","ad894800-b547-4d45-b19f-6646154b59a4"
"Top Gun","Salem","NH","US","EHF","association","eb385adf-16ae-4ef6-957f-02d191fa1ef6"
"Top Speed Hockey Academy","Walpole","MA","US","UT1HL","academy","efc0c0a1-2fff-436d-9acd-e6e82bf1a443"
"Toronto Aces","Toronto","ON","CA","GTHL","association","869fdd64-e481-4e1a-a07f-29d237c8e442"
"Toronto Aeros","Toronto","ON","CA","GTHL","association","596913b4-fc8c-4371-be03-0873840c3b18"
"Toronto Aeros","Toronto","ON","CA","OWHA","association","27659d22-fe27-41e1-9ebf-86e030eaf1c4"
"Toronto Attack","North York","ON","CA","GTHL","association","95892497-92ef-4500-bfa2-b119d38f6885"
"Toronto Avalanche","Toronto","ON","CA","GTHL","association","125ee3b7-75c7-47dc-a02f-89977375da15"
"Toronto Eagles","York","ON","CA","GTHL","association","71a08f55-08ac-4d5e-a3f6-43dc2d9bdba6"
"Toronto Jr Canadiens","Toronto","ON","CA","GTHL","association","a278d44a-c1f6-49be-ab59-be0e21361982"
"Toronto Leaside Wildcats","Toronto","ON","CA","OWHA","association","99ba1fe6-9379-49cb-9a06-31436278eba1"
"Toronto Marlboros","Toronto","ON","CA","GTHL","association","7f7503f0-b265-48d5-8bc5-4750987051f7"
"Toronto Nationals","Toronto","ON","CA","GTHL","association","26004993-d691-45b7-bb18-fee0fa00f588"
"Toronto Red Wings","Toronto","ON","CA","GTHL","association","53fa29c1-1491-42ed-b6a9-75c11d0057e7"
"Toronto Reps","Mississauga","ON","CA","GTHL","association","a8a0b4e3-b28f-46be-8589-be6a4fe5295f"
"Toronto Royals","Toronto","ON","CA","GTHL","association","5eef0224-48b4-4410-bd2c-7c3fe9665842"
"Toronto Shamrocks","Toronto","ON","CA","GTHL","association","619e3e10-9a75-4627-98ed-963203709764"
"Toronto Titans","Toronto","ON","CA","GTHL","association","70e15b32-bc50-4051-a664-8f2e3a7bee47"
"Toronto TOP Titans","Toronto","ON","CA","GTHL","association","d6a2c7fe-6b33-4cb2-a08d-905c03fe9e29"
"Toronto Wolverines","Toronto","ON","CA","GTHL","association","fdd2dc62-af6f-45d2-aaa1-606a58ed8e40"
"Tracadie-Sheila Eagles","Tracadie-Sheila","NB","CA","NSMHL-LHMC","association","b199e28d-4e3f-4fd4-a7c3-b8bedb7232a4"
"Trail Jr Smoke Eaters","Trail","BC","CA","OMAHA","association","89b4b461-07b5-40e6-b766-694dbe0ef580"
"Trails West Wolves","Calgary","AB","CA","HC","association","5aa50c27-84f2-4ff1-aef6-72d20dde1fa9"
"Transcona Regents","Winnipeg","MB","CA","WMHA","association","7af0de76-dbe2-4ab1-a559-2b7b372370a5"
"Traverse City North Stars","Traverse City","MI","US","Adray","association","efdeb67e-6483-4083-a598-259bc45707c4"
"Treherne North Stars","Treherne","MB","CA","PVMHA","association","6e6d5b42-6968-4a7f-b77e-6912dca15750"
"Trenton Blades","Trenton","MI","US","LCAHL","association","6e21d69b-2e95-45ec-9840-98529a9255c8"
"Tri Pen","Whitbourne","NL","CA","Independent","association","8b1b02db-0e1d-4208-8a10-20b6c6864cca"
"Tri Port Wild","Port Hardy","BC","CA","VIHL","association","71a1007d-035b-4a7d-ac76-9bc7b1b343a7"
"Tri-Centre Jr Attack","Owen Sound","ON","CA","OMHA","association","2d5d20ff-74cd-4961-819a-04cd5bb2b921"
"Tri-Cities Jr Americans","Kennewick","WA","US","NWAHL","association","b56e69b1-63d4-4701-b8fa-27193289a706"
"Tri-Cities Predators","Port Coquitlam","BC","CA","PCAHA","association","5ae95a85-fb21-4e0a-bd88-6ed0ab349700"
"Tri-City Eagles","Laurel","MD","US","AGHF","association","14739ca7-868c-4acf-b0fd-88cef793d1bf"
"Tri-City Jr Storm","Kearney","NE","US","MwHL","association","9830e6ca-f086-4483-812d-e81a3bc57718"
"Tri-City Titans","Montgomery","MN","US","MN09","association","4507009c-de93-49bb-b779-c7ab813692e9"
"Tri-County Cyclones","Kent","OH","US","CSHL","association","7d520c09-73af-4393-abc9-f3af98a79644"
"Tri-County Saints","Taunton","MA","US","PHL","association","25c40d39-f69b-4293-a0ff-7e5de9519c76"
"Tri-State Spartans","Indianapolis","IN","US","NAT1HL","association","c6538468-f7d5-4eaa-8748-2cf7ac9f5e66"
"Tri-Town Timberwolves","Brasher Falls","NY","US","NNYSHL","association","5d784ff6-576f-468d-a222-4a838b9c81c5"
"Tri-Valley Blue Devils","Dublin","CA","US","CAHA","association","1ece722a-57f7-42b7-8295-a95b80b54ba5"
"Tri-Valley MB","Foxwarren","MB","CA","Parkissimo","association","f90c00d2-0d53-4966-a70c-d7e311de2dde"
"Triad Storm","Greensboro","NC","US","ACHC","association","74b1b6d0-2c0c-40bd-8d76-267a4be605d9"
"Triboro Titans","Marlborough","MA","US","VHL","association","c9815787-fea0-48a2-baf7-70d94e33b768"
"TriCo Rivercats","Fredericton Junction","NB","CA","NBCMHL","association","a3a43333-234e-48d9-aa74-95fe17724a92"
"Triton-Amesbury Jr Maples","Amesbury","MA","US","VHL","association","f5255e56-dbb8-40a4-a48c-b07195e635e2"
"Trois-Rivieres Ouest Eagles","Trois-Rivieres","QC","CA","LHQCA","association","03cf6283-7065-4f91-96c6-bcba084c7172"
"Trois-Rivieres Patriotes","Trois-Rivieres","QC","CA","LHQCA","association","fcaab1ce-3eda-4167-8cd8-836cd0bb931a"
"Troy Albany Titans","Troy","NY","US","MVHL","association","5b1bb689-ebb3-4ca0-9c7c-6c755365d35a"
"Troy Bruins","Troy","OH","US","BTHL","association","565f0a13-f9e6-4344-9e6e-51053458601e"
"Troy Sting","Troy","MI","US","Adray","association","e20b3123-bf1b-46cd-8718-c385b2c1c137"
"Truro Bearcats","Truro","NS","CA","NCHL","association","4adb6a41-7100-4bc1-98b6-ea57553f0331"
"Tucker Road Ducks","Fort Washington","MD","US","CCHL","association","f5de6cb8-7525-4cb2-a97f-64bd28320f3f"
"Tucson Jr Roadrunners","Tucson","AZ","US","AZYHL","association","cfdb67fd-6065-4873-b19d-10d5bddb03d6"
"Tulsa Jr Oilers","Tulsa","OK","US","THL","association","05282b62-15ad-41f2-9a7f-12758e728f11"
"Tumbler Ridge","Tumbler Ridge","BC","CA","APHL","association","518defc6-bf67-4ffd-89c6-26695775ca0b"
"Tupper Lake Lumberjacks","Tupper Lake","NY","US","NNYSHL","association","4b090475-324b-4747-b5f6-ddcff00509bb"
"Turtleford Tigers","Turtleford","SK","CA","STEP","association","c95476aa-79a4-4578-941d-ebf477fd12f8"
"Tweed Hawks","Tweed","ON","CA","EOMHL","association","43ac8349-dbae-4d05-a674-2dd61e8a1132"
"Twig Blackhawks","Twig","MN","US","MN11","association","808d03d1-eff5-4930-9fc5-7f40c077fecb"
"Twillingate Combines","Twillingate","NL","CA","Independent","association","a9f620e3-7539-4629-90e7-47acdf6294e3"
"Twin Bridges Lightning","Granite City","IL","US","MoAm","association","db97c1cc-7628-4da2-8a30-9bfecbc3de44"
"Twin Centre Hericanes","St Clements","ON","CA","OWHA","association","a7d46746-e9bb-4f1e-b9fa-7f9bb175698e"
"Twin Centre Stars","St Clements","ON","CA","OMHA","association","e2068e1f-50f9-4dac-8431-d2f81314c3bf"
"Twin Rinks Sharks","Buffalo Grove","IL","US","NSYHL","association","a1911d1d-cab4-46c1-8257-cb4dc5dee6ba"
"Twin Town Breakers","Port au Choix","NL","CA","Independent","association","d1e03abe-4bf5-4f80-8d24-ed8a2df12234"
"Two Harbors Agates","Two Harbors","MN","US","MN11","association","6c9070d9-c3c3-45a6-a2f9-f33ebcbf0e58"
"Tyne Valley Tornadoes","Tyne Valley","PE","CA","HPEI","association","5ebfb0a4-36db-490c-ae6d-74642e79bd18"
"Ulysse Academy","St-Roch de L'Achigan","QC","CA","RSEQ","academy","1016bdcb-134e-475f-9acb-98b24287c7ce"
"Union Thunder","Union","NJ","US","EJEPL","association","5fa7a712-9dc0-49c1-8495-09c10888e9e3"
"United Towns Pirates","Fortune","NL","CA","Independent","association","eb50c0fd-5383-4cbf-a692-69b326d091b2"
"Unity Lazers","Unity","SK","CA","HW14","association","ba5fd612-06df-479c-bbf9-25bed6c0413d"
"Upper Canada Cyclones","Cardinal","ON","CA","HEO","association","d4e822d4-d707-472d-9cd1-b6511734bdef"
"Upper Maitland Mustangs","Kurtzville","ON","CA","OWHA","association","f130b255-dc72-4532-856f-3317043df7bd"
"Upper Ottawa Valley Aces","Renfrew","ON","CA","HEO","association","df7ac582-b495-4f49-b17c-f2248e1e2d68"
"Upper Valley Storm","West Lebanon","NH","US","NHAHA","association","f6282c0e-3ef0-4a63-a8dc-711e4223ca0e"
"Upper York Admirals","East Gwillimbury","ON","CA","OMHA","association","fbc32b38-6b42-4d11-b37f-15027312e586"
"Upstate Badgers","Syracuse","NY","US","CNY","association","7a4e2bb3-5a26-47bf-a5be-028e6cd10b04"
"USA Eagles","Bloomfield Hills","MI","US","LCAHL","association","daa7ac62-67ab-4cdc-8336-4955374dbc70"
"Utah Dawgs","Salt Lake City","UT","US","NWAHL","association","d4f09cff-6844-4b46-bec1-612740f74f15"
"Utah Jr Grizzlies","Salt Lake City","UT","US","NWAHL","association","d0012223-1b68-4fad-9c71-f031914adb95"
"Utah Jr Mustangs","Ogden","UT","US","NWAHL","association","1078ac8f-cbe0-4795-8577-ce765ff9bcc3"
"Utah Lady Grizzlies","Salt Lake City","UT","US","WGHL","association","f309e2a6-f1f9-4dee-aeab-5099796a5e7a"
"Utica Jr Comets","Utica","NY","US","THF","association","c01617c8-7c20-4f09-a928-4e150d242ef3"
"Vacaville Jets","Vacaville","CA","US","CAHA","association","ec60e1d3-cbc9-478a-9f0e-a9997c542c66"
"Vail Mountaineers","Vail","CO","US","CAHA-CO","association","359c07d8-07dc-482b-8b9a-071dec7bc3c7"
"Val-d'Or Foreurs","Val-d'Or","QC","CA","Abitibi","association","69d9d2ea-0dc9-4314-806f-ff5b9f4dd3cb"
"Valcourt Bombardiers","Valcourt","QC","CA","Estrie","association","acda5e4b-8adb-4282-8cd6-514877d9cf16"
"Valemount Wildcats","Valemount","BC","CA","NCD","association","8389ae0b-3b19-47ef-bf9e-acc4e944cd4b"
"Vallee Ambassadeurs","Amqui","QC","CA","BSL","association","2676e941-1fe3-4a7b-81ef-0f03109b3ee8"
"Valley City Vipers","Valley City","ND","US","NDAHA","association","76664322-6a59-4585-8b84-a957044a2cf0"
"Valley Forge Colonials","Oaks","PA","US","AHF","association","2170817b-4e65-4494-a5fc-9e106a7b820a"
"Valley Forge Minutemen","Oaks","PA","US","AYHL","association","95d3e0d0-48fb-4418-a6f1-04b942da1a50"
"Valley Jr Warriors","Lawrence","MA","US","E9HL","association","720f41a3-8dc2-4cf1-8634-519f3d136e60"
"Valley Storm","Barry's Bay","ON","CA","UOVMHL","association","dfc3dfe5-a0b7-44b6-a310-2bf4fa3ae7ed"
"Valley Thunder","Wasilla","AK","US","ASHA","association","352187b1-5e28-44e0-973e-4db1d63df549"
"Valley West Giants","Delta","BC","CA","BCEHL","association","1f268344-5ea8-478f-a7fc-591a6ab37d8b"
"Valley Wild","Kentville","NS","CA","NSFHL","association","168f9ce1-80a4-44b2-ae00-c4758fd3981e"
"Valleyfield Braves","Salaberry-de-Valleyfield","QC","CA","LHGM","association","cff40afd-1a5c-4ba0-a322-a8bba0a5b8a2"
"Valleyview Ice Bears","Valleyview","AB","CA","APHL","association","7a248463-1f34-4980-84a8-2e84fb90c43c"
"Vancouver Angels","Vancouver","BC","CA","PCAHA","association","ab9c1237-9a64-494d-858e-6e4fa1faedaf"
"Vancouver Island Royals","Victoria","BC","CA","BCEHL","association","73db403c-6861-4d7b-b667-142700c09434"
"Vancouver NE Chiefs","Burnaby","BC","CA","BCEHL","association","9968159d-5bd5-4666-861c-13f83d5d34b2"
"Vancouver NW Hawks","West Vancouver","BC","CA","BCEHL","association","6ae82832-186b-4158-9f2e-7811666b8cd7"
"Vancouver Rangers","Vancouver","WA","US","PNAHA","association","8e4fe337-97be-488a-8078-40da8a14965f"
"Vancouver Spirit","Vancouver","BC","CA","PCAHA","association","aeb5fad8-e439-4a19-a40a-9a5043ca8052"
"Vancouver Thunderbirds","Vancouver","BC","CA","PCAHA","association","b3ded8d9-1524-4f63-bf30-b2660fc1d98e"
"Vanderhoof Bears","Vanderhoof","BC","CA","NWD","association","4deb8c7a-fde4-4dce-a65f-ba5fd37ec04c"
"Varennes Blitz","Varennes","QC","CA","LHER","association","3a931de5-2ebd-4fab-95ce-fbd93b7a7874"
"Vaudr-Ile Mustangs","Vaudreuil-Dorion","QC","CA","LHGM","association","ec3d8d26-9c50-41c3-a928-40d20aee1ca1"
"Vaughan Flames","Vaughan","ON","CA","OWHA","association","91391f58-860f-456a-84a4-2297dbe8e9bd"
"Vaughan JCC Warriors","Vaughan","ON","CA","NYHL","association","c0d13c83-1fbc-43cb-8ed4-0863e4d005ff"
"Vaughan Kings","Vaughan","ON","CA","GTHL","association","161f366f-e108-46ee-9c48-1311e9594475"
"Vaughan Panthers","Vaughan","ON","CA","GTHL","association","930c7f7a-0e3a-4dfe-9256-58387cfe317f"
"Vaughan Rangers","Vaughan","ON","CA","GTHL","association","8775247d-78ef-4ab7-9883-75b7cec14ffc"
"Vauxhall Sabres","Vauxhall","AB","CA","CAHL","association","4a1a69ac-b527-4bb2-9ec2-4af11d866c31"
"VB/VC Chevaliers","VB/VC Chevaliers","QC","CA","Rive-Nord","association","28e72afc-24b5-4a37-be50-a9afeb8a7db2"
"Vegas Jr Golden Knights","Las Vegas","NV","US","NAT1HL","association","ef42957b-abc8-41f6-b328-2c45a605e66b"
"Vegas Knights","Las Vegas","NV","US","JGKHL","association","9069eafe-dd7c-478e-86be-b9e6ef9a182d"
"Vegreville Wranglers","Vegreville","AB","CA","NEAHL","association","8e529314-588a-4822-8e4a-443a6ac602b5"
"Veilleux Ecole","Sainte Joseph Beauce","QC","CA","RSEQ","association","ebd75fc3-aa60-48b6-a1a1-897707cb6466"
"Ventura Mariners","Simi Valley","CA","US","CAHA","association","fcdede4d-63da-435a-87d2-faebc53847f3"
"Verbe Divin Ecole","Granby","QC","CA","RSEQ","association","13d9198a-5997-4aa0-9b6e-39926dd24465"
"Verdun Leafs","Verdun","QC","CA","LHGM","association","d5ddd4da-25ca-4d6e-ae42-5a5b9b085611"
"Vermilion Bay Cougars","Vermilion Bay","ON","CA","HNO","association","5d12352b-295a-4c4c-b77d-6d50b4d4fa92"
"Vermilion Tigers","Vermilion","AB","CA","NEAHL","association","cb0e5542-c31f-4c83-b6ff-40dc9c2ae732"
"Vermont Flames","Waterbury","VT","US","MVHL","association","9e26a470-64f4-4274-82c6-8bfc0c766519"
"Vermont Jr Catamounts","Essex Junction","VT","US","E9HL","association","1fedccf9-fa36-45e2-9777-5ce206a80c61"
"Vermont Shamrocks","Burlington","VT","US","VSAHA","association","450dbae8-a3d5-4dce-97f2-46a3eb7fcd69"
"Vermont Stars","Waterbury","VT","US","Indep-G","association","4685450a-a881-4e0c-b8ba-ff889ff9a701"
"Vernal Raptors","Vernal","UT","US","UAHL","association","575ee8ef-d819-4ef2-aa08-8fdf8b85bc2b"
"Vernon Hills Ice Dogs","Vernon Hills","IL","US","CSDHL","association","9955baaa-8b55-447e-b9e8-245b98918e1a"
"Vernon Jr Vipers","Vernon","BC","CA","OMAHA","association","24943f0e-e39d-4641-97bd-f8cedbdb45d8"
"Verona Wildcats","Verona","WI","US","WAHA","association","2f8b3a43-55b0-4e7f-ab0c-81f3f9a0813f"
"Victoria Admirals","Victoria","BC","CA","VIHL","association","d8477600-f0fb-4182-aa5e-f96364330d1e"
"Victoria Raquet Club Kings","Victoria","BC","CA","VIHL","association","63bbf4cb-3aa1-49ca-8979-23f31e1475be"
"Victoria Reign","Victoria","BC","CA","VIHL","association","74e74c66-f91a-41f2-b62a-6249ecd61cf0"
"Victoria Village Mustangs","Toronto","ON","CA","GTHL","association","a3fd9299-665a-41e1-bdc6-2e01c252b2b8"
"Victoria-Tobique Jr Thunder","Plaster Rock","NB","CA","NBD1&2","association","75a3c066-8d45-401a-ab32-fc5fd0a7ba08"
"Victoriaville Tigers","Victoriaville","QC","CA","Estrie","association","368e1e79-c64a-4e56-b0b3-56b7ac24ad76"
"Victory Honda","Plymouth","MI","US","MAHA","association","22ce87d1-2ed4-412e-b905-ffeb54f3d321"
"Viking Gas Kings","Viking","AB","CA","NEAHL","association","3f0a8d8e-bf67-42a4-b01d-5a996d30525f"
"Vincent Massey College","Montreal","QC","CA","RSEQ","academy","a17ed594-bfa9-444e-8500-7aa0542aec42"
"Virden Jr Oil Capitals","Virden","MB","CA","Parkissimo","association","be5e96ee-3e54-4a70-b315-e3ff877c8b62"
"Viroqua Thunder","Viroqua","WI","US","WAHA","association","d6e0e51e-3a7d-432f-96bb-12029c4495f7"
"Volunteer Pool Bearcats","Thunder Bay","ON","CA","HNO","association","78e3d5c8-3cb2-4596-80ae-107bd03a4d00"
"Vulcan Hawks","Vulcan","AB","CA","CAHL","association","ad0346c1-eb7a-444b-98a1-d34a6409c011"
"Wabasca Eagles","Wabasca","AB","CA","NEAHL","association","81dfcbfe-a241-45ed-bd49-76c96eecea3b"
"Wabowden","Wabowden","MB","CA","Norman","association","6eca0591-a0d7-4653-aec4-ccfbbc08a959"
"Wachusett Wolf Pack","Ashburnham","MA","US","PHL","association","d6441e6a-e5fe-4628-9068-c5364fe23bd6"
"Waconia Wildcats","Waconia","MN","US","MN06","association","088d4e7b-45ad-4b48-8ff9-4684321d26af"
"Wadena Wildcats","Wadena","SK","CA","ECMHL","association","d175edc4-916d-4bbe-9169-1eca73336943"
"Wadena Wolverines","Wadena","MN","US","MN15","association","6de6c106-030e-4a1f-9363-4b66d437f5fd"
"Wainfleet Wild","Wainfleet","ON","CA","OMHA","association","23bb67cb-33da-4fee-92f8-ed85dc966b06"
"Wainwright Bisons","Wainwright","AB","CA","NEAHL","association","4c5ce0e5-dca3-4d66-8c67-508850e4d58b"
"Wainwright Polar Kings","Wainwright","AB","CA","AEHL","association","e767f9a5-97c0-4e1b-bf80-0839af192985"
"Wakaw Lakers","Wakaw","SK","CA","SVMHL","association","dbb79bfe-646f-4767-8af1-b3d42c1e9b25"
"Wakefield Warriors","Wakefield","MA","US","VHL","association","036d604d-b522-40c7-9038-5f5a283f29cf"
"Waldheim Outlaws","Waldheim","SK","CA","SVMHL","association","b142ea19-9704-4d2e-b5ee-b0b773e30f11"
"Walker Wolves","Walker","MN","US","MN16","association","bcb44550-b316-4171-804e-fcd07e319f0d"
"Walkerton Capitals","Walkerton","ON","CA","OMHA","association","7fe6bda0-6526-4e53-ac37-6cd95fb33698"
"Wallaceburg Lakers","Wallaceburg","ON","CA","OMHA","association","d45e5eba-45f8-4d1b-bd97-2a3faadaebeb"
"Wallingford Hawks","Wallingford","CT","US","CHC","association","8acec21c-a280-4806-9ccb-75768f56162d"
"Walpole Express","Walpole","MA","US","E9HL","association","739e186e-4f99-4977-8d49-45920d21c0ed"
"Waltham Hawks","Waltham","MA","US","MYCGL","association","e7ee34f3-74d1-4bf9-bc43-a9f5bfd9abc9"
"Warman Wildcats","Warman","SK","CA","SAAHL","association","48f07f17-f990-4011-a0de-3f2763cb9e68"
"Warner","Warner","AB","CA","CAHL","association","caf1efc3-7605-4d4a-b8e5-0f89e493b781"
"Warren Mercurys","Warren","MB","CA","IMH","association","cb472b88-c4c6-49f4-8832-396c2e554b1f"
"Warren Park Eagles","Toronto","ON","CA","NYHL","association","ce36733f-884d-4f4d-9d9e-f40f2309f996"
"Warroad Warriors","Warroad","MN","US","MN16","association","986b8d66-cc3f-45a7-8614-e97a98f64eb5"
"Warwick Cougars","Warwick","QC","CA","Estrie","association","126dc591-f218-4cd6-974f-c897544f71c1"
"Wasaga Beach Stars","Wasaga Beach","ON","CA","MOMHL","association","f222f0d7-44b3-40e3-8946-9e0a1f047e56"
"Wasatch Renegades","Salt Lake City","UT","US","NAT1HL","association","5a79a242-bf01-460b-81cc-c25c2496e21e"
"Wasatch Wild","Provo","UT","US","UAHL","association","49513d70-fcdf-430b-aba0-266c052f5e27"
"Waseca Bluejays","Waseca","MN","US","MN09","association","8f32bd5d-cf5f-431d-b0cf-39c216f4667c"
"Washington County Ice","West Bend","WI","US","WAHA","association","7c6bbde2-b85a-4b81-abde-4321249b30ed"
"Washington Little Capitals","Leesburg","VA","US","AYHL","association","f62ef0cb-100a-4691-b310-1ae6ebd8f40c"
"Washington Pride","Rockville","MD","US","JWHL","association","db9e8aee-2042-4716-89cd-b2790bfaf604"
"Waskada","Waskada","MB","CA","SWRHL","association","08023c96-6019-49d3-90f9-b8179584946e"
"Waterford Wildcats","Waterford","ON","CA","OMHA","association","c3a6f645-10b9-4048-86d4-bec6ee3aeb12"
"Waterloo Jr Hawks","Waterloo","IA","US","MwHL","association","a17d6ea4-408d-42f0-ae00-2eedc0f7c8f2"
"Waterloo Maroons","Waterloo","QC","CA","Estrie","association","5ba008a5-de9a-4d71-b101-4e4a6993b21e"
"Waterloo Ravens","Waterloo","ON","CA","OWHA","association","c1b831f6-8a0a-4209-b5b3-29723ce29cc4"
"Waterloo Wolves","Waterloo","ON","CA","OMHA","association","46a2534d-b6ec-4393-b4d1-1118763a2e47"
"Watertown Lakers","Watertown","SD","US","SDAHA","association","7a47353e-c59c-4677-b314-7e982ab4adad"
"Watertown Raiders","Watertown","MA","US","VHL","association","c0c94082-55cd-4667-b097-e78d9d3fcfcd"
"Watertown Redwings","Watertown","CT","US","CHC","association","37748c7a-8de3-4316-a920-abb84bec7f39"
"Watertown Wolves","Watertown","NY","US","NNYSHL","association","e842a5b8-4c9d-435e-b00a-e75a1a11e3b8"
"Watford City Oilers","Watford City","ND","US","NDAHA","association","420ff369-3b7b-4677-9944-6b082faa5653"
"Watrous Hawks","Watrous","SK","CA","ECMHL","association","593df197-3cf4-423c-98f8-8d56968e0c8a"
"Watson Rockets","Watson","SK","CA","ECMHL","association","926ed5c4-2655-485b-8720-c5461c337160"
"Waukesha Warhawks","Waukesha","WI","US","WAHA","association","018d2e48-c646-4992-81af-8166cc0eed95"
"Waunakee Wildcats","Waunakee","WI","US","WAHA","association","dac56e17-6edd-4f5f-97d5-0e72482d665d"
"Waupaca Comets","Waupaca","WI","US","WAHA","association","4fc9d6fa-580c-4e40-9ab2-b93f3033131d"
"Waupun Warriors","Waupun","WI","US","WAHA","association","fccbedb6-2ef1-44ee-9b50-63c4ec947f17"
"Wausau Warjacks","Wausau","WI","US","WAHA","association","b2074774-abdf-4fc1-9493-051dba0b9542"
"Wawa Travellers","Wawa","ON","CA","NEOHA","association","c6ea69b1-4787-4c11-b0f4-1faf43c44af3"
"Wawanesa Wild","Wawanesa","MB","CA","SWRHL","association","8c9dc587-e007-46f2-b6ba-e478184d72a3"
"Wawota Flyers","Wawota","SK","CA","MMMHL","association","e698010d-653f-4f5f-a5cb-fc62b20fa0ba"
"Wayne Hockey Club","Wayne","NJ","US","Independent","association","ac6e64a7-54b6-44ed-8a90-ac7ef58a8164"
"Waywayseecappo Wolverines","Waywayseecappo","MB","CA","Parkissimo","association","3ee2d753-7d5a-465a-b6d0-5a121682f898"
"Wayzata Trojans","Wayzata","MN","US","MN03","association","f708c796-f0d3-41b5-b1e1-ab12e76e9c3f"
"Webster Cyclones","Webster","NY","US","EAHC","association","18fc85ce-2b40-4a6e-b55f-4e625aedc8bc"
"Welland Tigers","Welland","ON","CA","NDHL","association","20e84206-43fe-4fd8-92cc-22e4b372f3b2"
"Wellesley Raiders","Wellesley","MA","US","MYCGL","association","82bdc9e4-0898-4909-9e00-19d4be7f86a7"
"Wells Warriors","College Park","MD","US","CCHL","association","3cf44e3b-e6a4-4f4a-a51a-0d48a563487b"
"Wembley Wildcats","Wembley","AB","CA","APHL","association","6f36676b-3318-4552-a980-fd4fb7b1e60f"
"Wenatchee Jr Wild","Wenatchee","WA","US","PNAHA","association","a27a665b-560b-4fd2-a524-1bf88fa8e7b2"
"Wenatchee Wild","Wenatchee","WA","US","CSSHL","association","fed5d564-a19a-4ce5-9a3f-93f107dab526"
"West 39 Bucks","Thorsby","AB","CA","CAHL","association","32d1321a-5993-49f6-a083-180fabb75c04"
"West Carleton Crusaders","Carp","ON","CA","LCMHL","association","4437bb0f-308d-4670-8a22-11a2f54d7993"
"West Central Tigers","Sylvan Lake","AB","CA","RMFHL","association","c5425f87-4eeb-4ea8-9f30-f231fadae8e3"
"West Central Wheat Kings","Kindersley","SK","CA","SAAHL","association","43fb27f6-6bd7-4b82-87e3-52cccdea1569"
"West Chester Quakers","West Chester","PA","US","DVHL","association","d7e1acd2-c0be-4d3f-bf8c-ff7883eaebef"
"West Chester Wolves","West Chester","PA","US","THF","association","b29f4a42-d4f2-41f0-a832-9219217df871"
"West Coast Whitecaps","Wingham","ON","CA","OMHA","association","350da58f-e6b7-4ceb-8e04-a424ac49c2be"
"West Colchester Cobras","Debert","NS","CA","NCHL","association","2cb0ee18-2381-4795-8635-a1cc11a8b4d3"
"West Dundee Leafs","West Dundee","IL","US","CSDHL","association","93f3148e-17c9-4904-809d-56fec9f2f325"
"West Elk Wolverines","Gunnison","CO","US","CAHA-CO","association","4ce90577-1f70-433a-a4f4-63503f7581c2"
"West End Bruins","Thunder Bay","ON","CA","HNO","association","6128377e-2407-474d-acd9-59d89a49cb32"
"West End Wolverines","Ottawa","ON","CA","BMHL","association","db3f86ab-188c-41b7-8ff2-dd5b4ebe5f11"
"West Fargo Stampede","West Fargo","ND","US","NDAHA","association","08ae8dbd-ad18-4e2f-9600-f37adf8b3403"
"West Grey Warriors","Durham","ON","CA","OMHA","association","f0150626-a84a-478d-9616-8cd4bd62ffa5"
"West Hants Warriors","Windsor","NS","CA","CMHF","association","316a2b91-c374-40e5-b73e-a9995f06440c"
"West Hartford Wolves","West Hartford","CT","US","CHC","association","fd99da52-7200-425a-8e76-eb9825ba288c"
"West Haven Blue Devils","West Haven","CT","US","CHC","association","46c71c55-9631-4e1e-8b2b-fdd83a4f59b1"
"West Hill Golden Hawks","Scarborough","ON","CA","GTHL","association","9abf08ba-8ec2-490d-a7cb-abd3f0a2358f"
"West Island Royals","Pointe Claire","QC","CA","LHGM","association","eff0a0f3-5796-4154-a836-8e54d8327fa4"
"West Kelowna Jr Warriors","West Kelowna","BC","CA","OMAHA","association","19b8b83f-e176-430b-92fa-6ada2414dedf"
"West Kent Hawks","Walker","MI","US","Adray","association","a292b38a-a125-42eb-b65a-8ae791893f89"
"West Kent Phoenix","bouctouche","NB","CA","NBFAAAHL","association","04379b85-15ee-41ba-88a3-597500022292"
"West Lincoln Wrath","Smithville","ON","CA","OMHA","association","f914eadf-f6d3-4786-a890-94903cd8f36d"
"West London Hawks","London","ON","CA","OMHA","association","e7bc5472-2b07-424b-a11f-82bdcb3aab90"
"West Lorne Comets","West Lorne","ON","CA","OMHA","association","53403c47-0415-4787-a614-0d5c4ff31bdd"
"West Madison Polar Caps","Madison","WI","US","WAHA","association","c685f0a0-0a48-4d3b-b234-57a67a5f1d04"
"West Mall Lightning","Etobicoke","ON","CA","GTHL","association","e127adbf-20b1-4058-9cbd-a59a34abd270"
"West Michigan Ice Dogs","Holland","MI","US","Adray","association","29af635b-44ba-4a83-a652-01394f150252"
"West Michigan Varsity","Grand Rapids","MI","US","Independent","association","0574c9c7-8f26-4915-b583-c466afae3313"
"West Morris Woflpack","Long Valley","NJ","US","Independent","association","03703374-7cc1-4914-85ff-e7692d9ccf30"
"West Niagara Flying Aces","Beamsville","ON","CA","TCMHL","association","3910c82d-9079-46fe-a436-6801cd0d4f34"
"West Nipissing Sting","Sturgeon Falls","ON","CA","NDHL-N","association","c4452be9-fbef-4764-b626-d2c2213f7e27"
"West Northumberland Wild","Cobourg","ON","CA","OWHA","association","2a4a473b-3bc0-4b62-9f79-2fb4c6a18f2e"
"West Oxford Inferno","Thamesford","ON","CA","OWHA","association","b8bbdfcb-a06f-4a8d-acf2-4832bd09cde7"
"West Point Jr Black Knights","West Point","NY","US","EJEPL","association","68e8bf8c-46f0-45ff-9687-9e5e16f424f5"
"West Salem Wild","West Salem","WI","US","WAHA","association","420ec68a-f4b4-409c-b51e-befc705972ca"
"West Seneca Wings","West Seneca","NY","US","MOHL","association","77011902-0c76-4844-a22f-154c7970543b"
"West Shore Wolves","Scottville","MI","US","Adray","association","db290183-8f9c-4a1f-83dc-02944701818e"
"West Sound Warriors","Bremerton","WA","US","Metro","association","a9ffc923-baf0-44cf-8655-c0cb3660531d"
"West St Paul Warriors","West St Paul","MN","US","MN08","association","603ae9a3-205f-4550-98bd-69418d44d95a"
"West Toronto Renegades","Toronto","ON","CA","GTHL","association","0b5f98fb-85ec-4937-acc3-fc3fee04e420"
"West Vancouver Thunder","West Vancouver","BC","CA","PCAHA","association","0f73eec0-ebf4-45c8-8036-c667285d4ce2"
"West Virginia Wild","South Charleston","WV","US","BTHL","association","5143f5cc-842b-4892-bad8-928268bb10cf"
"Westchester Express","Brewster","NY","US","AHF","association","e73ee0d6-e650-43f2-971b-4140b4b8eb20"
"Westchester Vipers","Elmsford","NY","US","HVHL","association","34cb62e7-aeaa-4e7a-b3b2-1614a0dbe65e"
"Western CT Jr Colonials","Danbury","CT","US","CHC","association","e06fb62b-6992-4f4a-833b-10385aa862c6"
"Western Mass Vipers","Holyoke","MA","US","PHL","association","6d8a83c2-0027-42c4-991d-7e353eb6d1c9"
"Western Mass Wizards","Springfield","MA","US","Independent","association","ff2f76bb-388e-4a1d-afea-e29d7fcdb0aa"
"Western Riptide","Bridgewater","NS","CA","NSFHL","association","0300a52a-05ca-47fc-b14e-a97bb364be15"
"Western Valley Spartans","Kingston","NS","CA","CMHF","association","0c77a747-d8c5-4ce7-a55f-87b935bb8488"
"Western Wind","Tyne Valley","PE","CA","HPEI","association","22d4cc19-b6e7-4b7b-be22-d565bf7103bd"
"Westfield Jr Bombers","Westfield","MA","US","GSL","association","a643c08b-cda4-49c7-8175-48a6d311429e"
"Westfort Maroons","Thunder Bay","ON","CA","HNO","association","8a5df779-3359-42b8-9080-64753ef13f56"
"Westfort Rangers","Thunder Bay","ON","CA","HNO","association","488aa1d3-ce75-4601-8e58-5a95c943694a"
"Westlock Warriors","Westlock","AB","CA","NEAHL","association","9858ae43-ec43-4059-a0a8-80a5c29cba13"
"Westmoreland Eagles","Greensburg","PA","US","PAHL","association","0525dbce-2926-4a09-afed-37a285296956"
"Westmount Wings","Westmount","QC","CA","LHGM","association","4c5c758c-c53b-48b2-9c50-2f5a6ef84211"
"Westwood Wolverines","Westwood","MA","US","MYCGL","association","a11d6bf4-58f8-459d-8ccc-e4fa2762b061"
"Wetaskiwin Ice Kings","Wetaskiwin","AB","CA","CAHL","association","8876c33a-99f6-4770-88cc-5e7b95ebf096"
"Weyburn Wings","Weyburn","SK","CA","HR","association","6705648b-4c6b-4a40-a275-ba9cbd4849f6"
"Weymouth Wildcats","Weymouth","MA","US","SSC","association","3fc1b32e-d948-44ba-9ed9-1992a7d566de"
"Wheatfield Blades","North Tonawanda","NY","US","GLGHL","association","c991a728-62f3-419f-ade2-fdf8a5523e96"
"Wheatland","Strathmore","AB","CA","AEHL","association","239f3d48-603e-4058-9bef-7a2de70e2860"
"Wheeling Nailers","Wheeling","WV","US","PAHL","association","c9aac334-b321-45a3-bc2c-55e6bc6e1c30"
"Whistler Winter Hawks","Whistler","BC","CA","PCAHA","association","cf356e1a-19a9-44ec-a61c-1bee84ab3457"
"Whitby Wildcats","Whitby","ON","CA","LHL","association","6fd6c63a-6579-40fe-ab63-f528852a806e"
"Whitby Wolves","Whitby","ON","CA","OWHA","association","be46cb77-dc45-40b7-8dce-50bcd6a93506"
"White Bear Lake Bears","White Bear Lake","MN","US","MN02","association","8a7aa9b6-ac57-41a2-8246-0ffff8cb18b0"
"White Plains Plainsmen","White Plains","NY","US","HVHL","association","13be84ad-7467-4bc6-b88a-b6aeb7e16527"
"Whitecourt Wolverines","Whitecourt","AB","CA","AEHL","association","75925767-d4c7-46ce-960a-6585d9ffa195"
"Whitefish Flyers","Victoire","SK","CA","STEP","association","09e93cfb-6242-44fe-82e3-7ef21793da92"
"Whitehorse Mustangs","Whitehorse","YT","CA","Indep","association","32e09d76-1508-4101-831c-cbe2996a80e5"
"Whitemud West","Edmonton","AB","CA","EFHL","association","45361b0c-766a-4920-be33-78b82db90ffc"
"Whitewood Elks","Whitewood","SK","CA","MHL-SK","association","9d064248-4d42-416e-b4f1-27a703cbb87d"
"WHK Hawks","Hanson","MA","US","BSHL","association","acb812cb-0595-48a5-9efc-e9d57e666e71"
"Wichita Jr Thunder","Wichita","KS","US","MwHL","association","26c99851-f9eb-45d3-a146-5ca14d066074"
"Wilbrod Dufour Pavillon","Alma","QC","CA","RSEQ","association","c249c1a3-1808-4e00-8b79-efcb8b78e5ff"
"Wilkes-Barre Jr Pens","Scranton","PA","US","DVHL","association","887a7cb4-5cb4-4112-b0e7-71794a3495ec"
"Wilkes-Barre/Scranton Jr Knights","Scranton","PA","US","AHF","association","c99b6258-950e-40a4-b028-94cd85566007"
"Wilkie Outlaws","Wilkie","SK","CA","HW14","association","a5a52296-fcec-4e4a-b24f-cae6fdf3f101"
"Williams Lake Timberwolves","Williams Lake","BC","CA","NCD","association","f8a0cefb-cd28-4dd3-8fe0-9457900efcec"
"Williston Flyers","Williston","ND","US","NDAHA","association","a7040cc4-5fca-4c9d-91d8-607b2a243af8"
"Willmar Cardinals","Willmar","MN","US","MN05","association","7359d5ec-6d40-4664-ac0e-1c6342da8932"
"Willowbrook Snipers","Willowbrook","IL","US","NWHL","association","89ed500b-55e3-4051-9b59-cae6e371fba6"
"Willowdale Hawks","Toronto","ON","CA","GTHL","association","ff4e3e9b-1029-46ee-b1af-d4f67f704231"
"Wilmette Jr Trevians","Wilmette","IL","US","CSDHL","association","2bfafe08-1f03-475c-885e-291563a20df5"
"Wilmington Jr Seahawks","Wilmington","NC","US","ACHC","association","bccfdaed-da4a-4cfc-b8ef-ae5b28b21826"
"Wilmington Nighthawks","Wilmington","DE","US","DVHL","association","2543482a-c150-4f9b-90f9-8b9fb2d33deb"
"Wilmington Wildcats","Wilmington","MA","US","VHL","association","7d149d0a-8670-4781-b8e7-c21b9ac9f5ff"
"Wilmot Wolverines","Wilmot","ON","CA","OWHA","association","3a3d4fef-eede-4e4e-9fd0-3129b3267ccc"
"Winchester Sachems","Winchester","MA","US","MYCGL","association","acd61bf9-4805-484c-9877-115e12fa8d76"
"Windermere Valley Rockies","Invermere","BC","CA","EKL","association","5edd68f3-7ed2-4308-8cbb-1a8392f2b796"
"Windom Eagles","Windom","MN","US","MN04","association","6c1c5c8b-45b7-4f82-8963-34d898d6c41f"
"Windsor Jr Spitfires","Windsor","ON","CA","Bluewater","association","dd1d87b3-c0b0-41df-a2f5-d2bd05b2f62d"
"Windsor Jr Spitfires AAA","Windsor","ON","CA","OMHA","association","1402876f-6b0b-4785-b1d4-b092d5260a79"
"Windsor Wild","Windsor","QC","CA","Estrie","association","0938533a-26d0-4185-a28e-d22436d94f60"
"Windsor Wildcats","Windsor","ON","CA","OWHA","association","34bccb4e-9be0-4b19-9e39-d2050f3c18d8"
"Windy City Storm","Palatine","IL","US","Independent","association","e0da44f8-c668-49aa-96e7-cd409667accf"
"Winfield Bruins","Winfield","BC","CA","OMAHA","association","e6af04b5-df9e-417a-b856-649ca6c64151"
"Wingham Ironmen","Wingham","ON","CA","OMHA","association","025fa481-f993-4712-83d9-485e7eb4958e"
"Winkler Flyers","Winkler","MB","CA","PVMHA","association","cdf19ab0-98c6-461d-aae5-69b591b25783"
"Winnetka Warriors","Winnetka","IL","US","CSDHL","association","9cd70d54-230c-4b7e-9219-74431df9c2cb"
"Winnipeg Bruins","Winnipeg","MB","CA","MMHL","association","00469a3e-d190-43c8-a18f-1de198a1392d"
"Winnipeg East Stars","Winnipeg","MB","CA","WMHA","association","2b43a60c-3020-45e2-be45-68714b81ef84"
"Winnipeg Rockets","Winnipeg","MB","CA","WMHA","association","51528c4e-a124-40c9-8f6b-d5927a01654e"
"Winnipeg Thrashers","Winnipeg","MB","CA","MMHL","association","03e4c89d-baec-4b77-969a-b8b28ce33acf"
"Winnipeg Wild","Winnipeg","MB","CA","MMHL","association","c73fa914-818e-4396-9046-82cdfd402303"
"Winnipegosis Tigers","Winnipegosis","MB","CA","Parkissimo","association","38eef3bf-fa05-4384-8158-cbb8efaeda82"
"Winona Winhawks","Winona","MN","US","MN09","association","e97cf358-cd29-4e87-b302-362939b07fe7"
"Winterhurst Warriors","Lakewood","OH","US","CSHL","association","05b94297-2438-4d36-b041-6ad88b4956b9"
"Wintersport Royals","Warminster","PA","US","AHF","association","23a27fb4-6d8a-4052-bf6b-e3e22ab9652f"
"Winthrop Vikings","Winthrop","MA","US","MYCGL","association","dbcf7df1-5f01-448a-9fb8-2c860b6f93f5"
"Winthrop Wolverines","Winthrop","WA","US","Independent","association","48f9b944-a41e-48b9-8dc7-2b8404946947"
"Wisconsin Jr Guardians","Lake Hallie","WI","US","Independent","association","b29d54e0-5522-42e8-ae5f-db5b5cbb0bc2"
"Wisconsin Rapids Ice Breakers","Wisconsin Rapids","WI","US","WAHA","association","4417ca6e-58b8-4098-99bc-cec3d5e7bd3b"
"Wissahickon Warriors","Philadelphia","PA","US","AHF","association","214ad287-79ae-4f78-8063-91c4505dde25"
"WLLV Chacals","Westmount","QC","CA","LHGM","association","51929167-7023-4a1d-8723-923c711fe8d0"
"Woburn Tanners","Woburn","MA","US","MYCGL","association","5dc3d8d7-77ea-4425-8958-62da53f8146b"
"Wolseley Mustangs","Wolseley","SK","CA","Mainline","association","d7a84bc1-b2a5-4fe3-a27a-0eaa507ff9b4"
"Wonderland Wizards","Bridgeport","CT","US","CHC","association","ef6e9a8c-9ed6-46c0-8a8a-1212bc999f7e"
"Woodbridge Wolfpack","Woodbridge","NJ","US","AHF","association","7576f880-ef8b-4b62-85e0-15006f11767d"
"Woodbury Predators","Woodbury","MN","US","MN08","association","163ccc3e-e3c1-4da7-b9d9-763ba2c6962f"
"Woodland Park Panthers","Woodland Park","CO","US","CAHA-CO","association","c9d5c204-a706-4ebb-be60-578aaefd1849"
"Woodstock Jr Navy Vets","Woodstock","ON","CA","OMHA","association","6dbfc78d-67e2-4bcf-bd25-410f75d610f6"
"Woodstock Jr Wasps","Woodstock","VT","US","VSAHA","association","70d98262-c14c-453f-9a8d-63314dcfd44b"
"Woodstock Slammers","Woodstock","NB","CA","NBD1&2","association","0857374f-9890-4c28-b4b6-3270c057a983"
"Woodstock Wildcats","Woodstock","ON","CA","OWHA","association","5894fd8d-64e3-4e84-89de-285b5139f62d"
"Woodville Hurricanes","Woodville","ON","CA","OMHA","association","59c751e5-2215-4fe6-8922-d809488bd866"
"Woolwich Wild","Elmira","ON","CA","OWHA","association","a9b01a66-17c6-41ee-bb8f-8d8a559f7ca1"
"Woolwich Wildcats","Elmira","ON","CA","OMHA","association","170022ca-cde8-40f5-aac3-3de5ce4c2fe4"
"Wooster Oilers","Wooster","OH","US","CSHL","association","77ca4a23-43a7-4548-a941-64d78165fe54"
"Worcester Jr Crusaders","Worcester","MA","US","NEGHL","association","5488ceb7-5dd9-4df3-8058-36633c635197"
"Worcester Jr Railers","Worcester","MA","US","E9HL","association","0c3586dd-9f4e-4292-b985-2836e65e6df0"
"Worcester White Hawks","Worcester","MA","US","NEGHL","association","b9bf0117-bf18-41d0-b8fa-9aaac610629a"
"Worthington Trojans","Worthington","MN","US","MN04","association","fae7ec9a-e172-43cd-907b-805ac2da3671"
"Wyandotte Warriors","Wyandotte","MI","US","Adray","association","de3cfcd3-1e21-4ea3-9e6a-1c68ab4c4433"
"Wynyard Monarchs","Wynyard","SK","CA","ECMHL","association","22eba063-615b-44d8-9217-d568df895243"
"Wyoming Cutthroats","Cheyenne","WY","US","WAHL","association","6281c4e2-9b9a-40f8-886d-273964ad6d72"
"Wyoming Knuckleheads","Casper","WY","US","Independent","association","b8460ba5-91f3-47b2-9484-bc6bf7213b53"
"Wyoming Pronghorns","Pinedale","WY","US","Independent","association","085884b7-8777-4214-b39d-7e4897f0a164"
"Yakima Hawks","Yakima","WA","US","PNAHA","association","d475c5de-9a1c-4921-80f2-be115fc71a77"
"Yale Bulldogs","New Haven","CT","US","BEAST","association","6f508b1f-3f81-447c-9aa3-f9501a0a12cc"
"Yale Hockey Academy","Abbotsford","BC","CA","CSSHL","academy","9cfc39ce-0f58-4d83-ba38-836b7c8c57e0"
"Yamaska Vics","Granby","QC","CA","LHER","association","f6cfd878-298e-4e89-bd65-300a818eb531"
"Yankton Miracle","Yankton","SD","US","SDAHA","association","25b05d34-38e4-404a-824b-46db4bc818eb"
"Yarmouth Mariners","Yarmouth","NS","CA","CMHF","association","aa3a87d1-9115-4bc5-90b4-9fd21da1a360"
"Yellow Grass Wheat Kings","Yellow Grass","SK","CA","SEMHL","association","6c82eb6d-9429-4261-9e1c-412a83ed3918"
"Yellowknife Wolfpack","Yellowknife","NT","CA","Independent","association","b679560d-9cf1-43f8-a8ef-bd314ae37c4b"
"Yellowstone Yeti","Cody","WY","US","WAHL","association","542fb163-6270-42ff-91c8-6f568d7a9d63"
"York Devils","York","PA","US","AGHF","association","9eba5028-f501-42b8-b523-3d62fc8d0f4e"
"York Mills Rangers","Toronto","ON","CA","GTHL","association","1b6361af-2971-467b-91cf-38fcd3409be1"
"York North Coyotes","Stanley","NB","CA","NBCMHL","association","5f93b026-9e68-4d74-9772-0a5744a82224"
"York Simcoe Express","Newmarket","ON","CA","OMHA","association","060b203f-fdb1-4f92-8daf-5b4fb5ad90e6"
"York West Hawks","Nackawic","NB","CA","SNBMHL","association","14058e5a-3af0-44bb-95c5-488756f36ec6"
"Yorkton Terriers","Yorkton","SK","CA","MHL-SK","association","b5bc002a-12b2-4f8c-b8a5-d9d27614e6d1"
"Youngstown Phantoms","Boardman","OH","US","PAHL","association","35d387b1-21cb-4ec4-8619-f3fd9bc2e929"
"Zurich Thunder","Zurich","ON","CA","OMHA","association","47f2a53f-1c58-44f4-b183-0bf958add09c"